;Entite;Label;liste_contxt_gauche;liste_contxt_droit
0;mariago des Wattoville;LOC;nique fruit du ;" et des
Besangc"
1;Besangcon;LOC;"toville et des
"; sous la Reslau
2;Rupt;LOC;tionnait, ] de ;".
etait celui d"
3;Besangcon;LOC;"r
peul-etre de ";".
 Monsieur de "
4;Watteville;LOC;"cani-
baron de ";. L'ecusson du 
5;Watteville;LOC;"a bonne chere.
"; sont de Suisse
6;Suisse;LOC;eville sont de ;, fut mis en ab
7;L'h0tel do Rupt;LOC;sur le vieil ] ; ne mnanquait p
8;Rupt;LOC;ecusson des de ;. Ce mariage, d
9;so;LOC;Louis XlIV, et ; ressenlait de 
10;damas;LOC;la maison de ] ;, les tapis, le
11;Prefecture;LOC;blir rue de la ;, .] avee les v
12;Rupt;LOC;e bel hotel de ;, dont le vaste
13;rue du Perron;LOC;"aulour d'un
la ";. Madame Waltev
14;In;LOC;aines do Saxe, ;" chro y
fut ene"
15;Watteville;LOC;r mnonsieur de ;",
reines do la "
16;Besancon;LOC;"le, s'elait
de "; un air sombre 
17;Phi-;LOC;e lh le nom de ; ] lebrite depa
18;cetle sainte;LOC;"nsis-
culte de "; ou de ce saint
19;Ilalie;LOC; religieuse en ;, et un elen- ]
20;Watteville;LOC;"de madamo
] de "; avec l'archeve
21;Watteville;LOC;"n cerclo dvant
";), quelques pla
22;SIkcLE;LOC;"i cria-t-on.
L ";". - III.
(Etrai"
23;Io;LOC;"ont sue-
]cele "; dandy, puis le
24;Cerci;LOC;"dr6 Ia
q(u0i..
"; etait una allu
25;Barcelone;LOC;ez-ous vu dans ;... C'est ma mt
26;Paris;LOC;e helise amuse ;, qui devore au
27;Paris;LOC;n promenu dans ;" sa cri-
- Tout"
28;Paris;LOC;"-
s'en aller a ";, et j'ai pu pr
29;- A Besancon;LOC;"xlraordinaire.
";? dit naivement
30;Be-ancon;LOC;lriotes. Donc, ; jouissait, en 
31;- A Besancon;LOC;"834, d'un lion
";, repondit l'ab
32;Grancey;LOC;ndit l'abbe de ;".
- Ah1 oui. Su"
33;L'Espagne;LOC;llo espagnole. ;"
res avec moi, "
34;Rupt;LOC;" il
 lholel de "; pour la premie
35;Espagnols;LOC;ail fort peu d';. Lcs Soulas y 
36;Paris;LOC;"de quitter Be-
";. Ce jeune homm
37;Vaincu;LOC;"ont la physio-
"; en droit, puis
38;Prefeclure;LOC; faire faire ] ;".
silence. Tous"
39;Bisontins;LOC;ence. Tous les ; ont opplaudi. 
40;Paris;LOC;on confrere de ; h dtner au sor
41;Wattwville;LOC;"e noir, des
de ";. Jen'ai jamais
42;Amedee;LOC;es des Soulas. ;" donait a
--Mai"
43;Per-;LOC;demeure rue du ;] trente-six fr
44;Besancon;LOC;x griseltes de ;": qua-
.- Il u'"
45;Paris;LOC; fournitures a ; en parfumeries
46;cetle;LOC;"verez un total
";" histoire.
]de "
47;i;LOC;orue as ernai. ;" pine edi-iai
;"
48;veemeni;LOC;ns e s selle u ;. od sae e] Aus
49;viie;LOC;aiI1 ouv-nt en ;, ei eienat-i a
50;niaianaaani.aniiiGit';LOC;,ye,evee.inin] ;"a
g?es,e.eiGl i"
51;noua;LOC;"iiGG
:::C..G.:
"; eex pete aaiea
52;de France;LOC;"del
] familles ";, quand il s'en
53;Amedee;LOC;e, apprenez qu'; de Soulas ] et
54;Irois;LOC;"on-
etait alle "; fois en Suisse
55;Suisse;LOC; Irois fois en ;, en char et a 
56;I;LOC;3, Amede elait ; seul qui portt
57;Paris;LOC;"es; deux fois  ";, et une fois d
58;Paris;LOC;et une fois de ; en Angleterre.
59;Angleterre;LOC;is de Paris en ;. ] pieds a Bes
60;Besancon;LOC;rre. ] pieds a ;. Ceci vous exp
61;Angleterre;LOC;" anecdote vous
";, oi ie suis al
62;Besancon;LOC;ien comprendre ;".
ous qui etes "
63;Angleterre;LOC;i etes alle en ;, elc. Il avait
64;Lomhardie;LOC;"ommencc,
qu'en ";, il aait cloye
65;Ilalie;LOC;oye les lacs d';. Il lisait ] l
66;Prefeclure;LOC;Il lisait ] la ; eprouva lo bes
67;Putriote;LOC;ne ] contre le ;, que la Republ
68;Republique;LOC;triote, que la ; y faisait fret
69;Comle;LOC;e, ignorant sa ;", qui de-
homme"
70;Amedee;LOC;me tres aance. ; possedait le t
71;HOtol-de Ville;LOC; un homme de l';",
qui lui donna"
72;Apprenez;LOC;e, et luilit:- ;", monsieur,
ecl"
73;Bisontins;LOC;ine autour des ;".
le pied deia "
74;Amedee;LOC;i regardail-on ; de Soulas ] Co
75;Besancon;LOC;s bel homme de ;. Un coiffeur, 
76;cetle;LOC;xanle francs ] ; folie apparent
77;Amedee;LOC;s ete du pays. ;"
de modes et d'"
78;Wattleville;LOC;ademoiselle de ; alteignait don
79;Amedee;LOC;recommandaient ;" 
elre plus h j"
80;elre;LOC;"daient Amedee 
"; plus h jour, p
81;Walteville;LOC;eculation. Les ;", riches
lait e"
82;Besangcon;LOC;re d'expliquer ; en quelques ] 
83;Irancs;LOC;l-qualro mille ;" par an,
mots.N"
84;Besancon;LOC;ute societe de ;", les lundis
au"
85;Paris;LOC;"uelle somme na
"; y envoie occup
86;Philo-;LOC;830. La dot de ;"
regard ou d'un"
87;Clermont-Mont-Saint-Jean;LOC;"santde maniiro
";, des Beauffrem
88;Watteville;LOC;ademoiselle de ;". ILa
des Gramo"
89;Gramont;LOC;"ville. ILa
des "; et de quelques
90;Vienne;LOC;r a la cour de ;, car] lui raco
91;Bisontins;LOC;"e piresrue
les "; feraent en cec
92;Nodier;LOC;ictor Iugo, de ;, de Fourier, l
93;genie;LOC;, l'esprit, le ;" reparaissent
p"
94;Besancon;LOC;",
griseltes de "; qui le regurda
95;Saxe;LOC;de ] rechal de ;, de qui elle e
96;Philomlne;LOC;"
baronne. Avec ";, co Cuton para
97;Cuton;LOC; Philomlne, co ; paraissait dep
98;h Paris;LOC;emme a la mode ;, o ] aggraves 
99;Rupt;LOC;du sang des de ;".
il irait comm"
100;Iadame do Watteville;LOC; homme de Be-] ; seule soupconn
101;Philomeno;LOC;severe pour sa ;",
de Rupt, et t"
102;Rupt;LOC;" Philomeno,
de ";, et toul Besan
103;Belzebulh;LOC;le a plus d'un ;" dans sa
Amedee"
104;Amedee;LOC;"zebulh dans sa
";, auxquelles lu
105;Rupt;LOC; de l'holel de ; que sa mere ] 
106;cetle;LOC;urprendre dans ;" jeune ame des
"
107;de France;LOC;nne, 1histaire ;, et les qualre
108;Dessin;LOC;vieux jesuilel ;, musiue et dan
109;couluro;LOC;"lomene con-
la ";, la broderie, 
110;Hhilomene;LOC; dix-scpt ans, ; ] naissait ass
111;Philomene;LOC;mere rabaltait ;" avec le
voir y"
112;Wutteville;LOC;ademoiselle de ; etait une ] do
113;ahbe;LOC;neral, ce cher ;"
jeune fillo fi"
114;plalo;LOC; fiele, mince, ;, blonde, el bl
115;blonde;LOC; mince, plalo, ;, el blanche, e
116;el blanche;LOC;plalo, blonde, ;, et de la ] de
117;Quelqnes;LOC;sur ses joues. ; taches da rous
118;Amede;LOC;ur que faisait ; a la fille dan
119;h Besangon;LOC;modes, faitecs ;,] - Philomene,
120;Philomene;LOC;h Besangon,] - ;, je ne vois pa
121;Paris;LOC;"oi...
modes de ";, doh elle tira
122;Solas;LOC;une monscur de ;. Philo- ] je l
123;Philo-;LOC;scur de Solas. ; ] je l'accueii
124;el;LOC;"es
en eheveux, "; avait des soul
125;volre mero l;LOC;] tre bouche,  ;".. etc.
chait w"
126;Philo-;LOC;ois quarls, et ;"
fonds observat"
127;Philomeno;LOC;sa chambre, oi ; etudia ] quitt
128;cetle;LOC;" et
le sens de "; scene, sans y 
129;Besangcon;LOC;"te
Ia ville de "; croyait bien p
130;Amedee;LOC;"set des lions; "; en elait ] la 
131;Besancon;LOC;ryer de venir  ;", monsieur do
g"
132;Grancey;LOC; noblo abbe de ;. Philomene ne 
133;Chavoncourt;LOC;ma-] madame de ;".
nesiue, un be"
134;rue du Perron;LOC;iselle Galard, ;. Puis, 1'edtra
135;Ies;LOC;"lheques egale-
"; oficiers minis
136;Savaron;LOC;"N.
- Le nom de "; est clebre, di
137;de Belgique;LOC;es plus riches ;".
- Il est Fran"
138;Francais;LOC;"ique.
- Il est "; et trouhadour,
139;merinos;LOC; de chambre de ;"
y meltra une b"
140;Brabant;LOC; n'y a plus en ; qu'une de- ] n
141;moiselle Savarus;LOC;"calotte rouge.
";, une riche her
142;batardise;LOC;e est signe de ;"; mais le batar"
143;onl;LOC;eveux comme en ; les saint Pier
144;Amedee;LOC;"i
- COnlinuez, ";".
- Vous compre"
145;Besancon;LOC;e sait pas son ;. Qui diable a 
146;Savaron;LOC;prbes, plus de ;. ] aux lempes,
147;Palais;LOC;"sur-
] pris au "; par sa facilit
148;Saint-Jean;LOC; le dimanche,  ;, mais a la pre
149;Jerome;LOC;nelre, m'a dit ;, qui n'y entre
150;rue du Perron;LOC;" ferme lui-
la ";, j'ai vue sur 
151;Jerome;LOC;e mon tigre et ;".
mais rette fo"
152;caire general;LOC;"inaire. Il y a
";".
]plus d'un se"
153;Paris;LOC; a-t-il quitle ;? ] veur qui fi
154;Besancon;LOC; esl-il venu a ; On noluia donc
155;Bisontins;LOC; lui, mais les ; no ly ] Pendan
156;Irais;LOC;fait si peu do ; qu'il a lallu 
157;Iloge;LOC;rsonne ne mela ; de l'avocal, l
158;Chavoncourt;LOC;"attendit la
de ";".
-- Aes avoir "
159;Paris;LOC;"
du barreau de ";, je pense que 
160;Volre;LOC;us en oecuper? ; procbs est gna
161;Walteville;LOC; dil madane de ; en observanlts
162;fumee;LOC;sse colonne de ;".
]-- Quand tou"
163;de France;LOC;s l'universite ; s'est. donne l
164;Inerveilleux;LOC;" leur
aire, ce "; qu caressent t
165;el au-devant;LOC;"om-
ginalions, "; duquel se jetl
166;soufiat;LOC;"arrivez
omlre, ";. eloquenl, tra
167;Agnes;LOC;, crevant de d'; par Mloliere, 
168;Waltville;LOC;ademoiselle de ; par l'imprudnl
169;Besancon;LOC;nt chapilre de ;".
-- Albert Sua"
170;Rupt;LOC;i de 1'htel de ;".
jusque-lh san"
171;Grancey;LOC;"
par l'abbe de ";, car tous les 
172;Agnes;LOC;s plus ] 9omme ;, e penser a ri
173;Ilrmee;LOC;"bles. De celte
";".
] profonde me"
174;Philomene;LOC;l resulta chez ;" une envie
Enfi"
175;Saiut-Jean;LOC;e conference a ; avec labbe Gir
176;Enin;LOC;ndre la messe. ;" il lui
z:::t:z"
177;E-:c;LOC;"c:::::::::
::::";":c:::zz:::
gene"
178;E;LOC;":22::E1..:::
::";" 1G::::C':'
,gE"
179;cetle;LOC;de la joio que ; entreprise cau
180;blvetee;LOC;t l'affaire du ;".
idee, elle me"
181;Walteville;LOC;it monsieur do ; qui] - MIaman,
182;Rupt;LOC;e fille des de ;".
Ainsi Philome"
183;Philomene;LOC;"pose-
lelte de "; fut faile avec
184;serons.-.Peut-elre;LOC;"a quand nous y
"; parlerail-on..
185;Marielte;LOC;elilleusel dit ;".
- Vous me fai"
186;Avez;LOC;n lancant a ]- ;-vous, Philomen
187;Philomene;LOC; ]- Avez-vous, ;, la prlention 
188;Marietle;LOC;"e conduiro vos
"; un regard qui 
189;Philomlne;LOC;e, le tceur de ; ] prendre le c
190;Volre;LOC;grand evene-]- ; pre a eu lh d'
191;Iesse;LOC;" mouumenlt une
";, elle se senli
192;abbe Groud;LOC;alla voir si l'; elail. a son ]
193;lierres;LOC;s viornes, des ;", des clvre-
co"
194;Watleville;LOC;ademoiselle de ;. Or, Albert Sa
195;Watteville;LOC;, tout,] - Les ; font faire que
196;I;LOC; le mol mystee ; Il ontra. L'eg
197;parul;LOC;"ecus
la ombre. "; a Philorene co
198;Paris;LOC;ir un homme de ; pour rusliuer 
199;Philo-;LOC;u dominalrice. ; ] rieur, mais 
200;Watteville;LOC;i. lonsieur de ;" fait
mene comp"
201;snang fremil;LOC; snng, car son ; et bouillona c
202;moiselle de Watleville;LOC;" marier depuis
"; eut bient0t ch
203;niere;LOC;"de ma-] un an.
";  le parfaiteme
204;Walteville;LOC;ademoiselle de ;, qui eprouvait
205;abbe Giroud;LOC;"-
laisserait l'";. Quand Mlariet
206;Philomene;LOC;ud, il parut a ; que ce temps n
207;Savaron;LOC;et de l'avocat ;".
- Le vicaire "
208;Savaron;LOC;"ment7
]traite, "; ne se monlra n
209;Besanon;LOC;ne ville comme ;, abondent pour
210;Parisien;LOC;sition due  un ;" qui ap-
gura s"
211;maniere;LOC;en province la ;, l'eclat, si v
212;Besancon;LOC;ut commerce de ;, il y fondait 
213;evue de 'Est;LOC;ne, appelee la ;, au moyen de q
214;Philomene;LOC;il fit sentir  ; s'etail fait, 
215;Besancon;LOC;x destinees de ;, la ville oh ]
216;Nouvelle;LOC;valeurde celte ;". Elle espe-
-d"
217;Mulhouse;LOC; transit entre ; et Lyon, le po
218;Lyon;LOC;re Mulhouse et ;, le point ] ra
219;Rhin;LOC;pital entre le ;" et le Rhne.
Po"
220;Rhne;LOC; le Rhin et le ;".
Pour rivalise"
221;Strasbourg;LOC;rivaliser avec ;, Besancon ne d
222;Besancon;LOC;ec Strasbourg, ; ne devait-il p
223;Chavoncourt;LOC;. Quelle ] lon ;, Albertauraitg
224;Albertauraitgimile;LOC;n Chavoncourt, ; quelques-uns d
225;Strasbourg;LOC;ire de ravir a ; et a Diion leu
226;la France;LOC;lairer lEst de ;, et de lutter 
227;Suisse;LOC;e parcourir la ;, partirent de 
228;Dijon;LOC; appel D0le, a ;, Salins, ] tea
229;Salins;LOC;D0le, a Dijon, ;, ] teau que co
230;Neufchlel;LOC;"nt a Fluelen
h ";, dans le Jura,
231;Jura;LOC;chlel, dans le ;, Bourg, Nantua
232;Bourg;LOC; dans le Jura, ;, Nantua, Lons-
233;Nantua;LOC;e Jura, Bourg, ;, Lons-le-Saul-
234;Lons-le-Saul-;LOC;Bourg, Nantua, ;] en se promelt
235;lac des Quatre-Cantons;LOC;arreter sur le ;"
nier. On y rec"
236;Lucerne;LOC;aysages qui de ;" 
de tous les h"
237;Bugey;LOC;s provinces du ;, ] Fluelen env
238;Bresse;LOC;"s combi-
de la "; et de la Comte
239;cenl;LOC; confratermte, ; cinquante abon
240;torrens;LOC; arbres et aux ;".
francs par tr"
241;Cus;LOC;"e Gersau, l'un
";. Albert conser
242;ayree Albert;LOC; dans le iaria ; eaux. Qand le 
243;Lucerne;LOC;Alhert eot] de ; notre queruer-
244;Lucerne;LOC;rai chercher a ; tos nos bagage
245;los ebz;LOC;".
egee ge btlu ";]  - i o Leemne
246;ade Lennoi;LOC; - i o Leemne, ;", n a ps asse
i"
247;Mouvele;LOC;mo eonenai une ;, seee ] de aim
248;nis;LOC;] aroon di nof ; ionii ni ig, i
249;Nouvelle;LOC;"iiecniiiosriae
"; eclose dans la
250;Comle;LOC;eclose dans la ;".
de la Suisse."
251;Suisse;LOC;"a Comle.
de la ";. Par un offet 
252;teras;LOC;" se voyait no-
";".
]taire  Paris"
253;Paris;LOC;"teras.
]taire  "; sa vie etait d
254;Lucerne;LOC;r du canlon de ;". Ces deux An-
"
255;Parisiennes;LOC;lus eharmantes ; et d'un homme 
256;lac Majeur;LOC; Mfadr, sur le ;".
grande ardeur"
257;Ces Suisses;LOC;r devint une ] ;, riches d'onvi
258;Lovelace;LOC; ans. Le vieux ;",
d'une mere sp"
259;inouie;LOC;"romener sur le
"; et par la pens
260;Anglais;LOC;"ait ces
]trois "; M raison de ce
261;Anglais;LOC;", se cachaient
"; appellent un p
262;Lucerne;LOC;, si ] venu de ;, car elle para
263;Leopola;LOC; vive assion a ;. Cele circonst
264;Cele;LOC;ion a Leopola. ; circonstince r
265;Cetle;LOC;aine celbrite. ; permission ne 
266;I;LOC; chose etrange ;  voir le passe
267;Cygne;LOC;r  lauberge du ;, les deux ais 
268;Suisse;LOC;general de  la ;. On lui offrit
269;lac des Quatre-Cantonsa;LOC;ecommandent le ; 1'admiralion d
270;Sicilienne;LOC;ltau moins une ;". Celte
des fra"
271;la Havane;LOC;d'un cigare de ;", des
ils deman"
272;Suisse;LOC;s frottiez, un ;, il reparatt u
273;el;LOC;us que noizrs, ;"
rier. Apres le"
274;Saint-Gothard;LOC;n excursion au ;, et il regarda
275;Ceidie usse;LOC;(Extrait de la ;".]
31A9
- Aux A"
276;Aoeel;LOC;irs pss nee en ;"
LEii iie anieo"
277;Ginal;LOC;"-omueis
]- Ah1 "; s'ecria l'Ilal
278;Ilaliene;LOC;inal s'ecria l';".
madame Bergma"
279;el;LOC;".::::::::2:
.J:";".::::,::::
:GE1"
280;E;LOC;"::::
iceie.. 1:";"::::,,
ZGI:::::"
281;ZGI;LOC;"ie.. 1:E::::,,
";":::::::::::
]ps"
282;deuxinterlo--;LOC; moment oi les ;"
]repandue,sur "
283;el;LOC;":1aaGcGiGa
::::";" aGGGa
:e:,.GG."
284;e:,;LOC;"
::::el aGGGa
:";".GG..Gi
::::2::"
285;GG;LOC;":el aGGGa
:e:,.";"..Gi
::::2:::17"
286;TuSe;LOC;"ee] iGiiii ii'
";".
]- Ces patiri"
287;GG;LOC;"ait
zgE,%2.:I' ";"
z::2l:::G.
ggg"
288;Lucerne;LOC;nvoya chercher ; le meilleur ch
289;-gEgegeAA;LOC;"incGiiGiii
;,:,";] iiiiaiaiiii'i
290;Francais;LOC;ation du jeuno ;, son desespoir
291;Frangais;LOC;e vint voir le ;, afi de donner
292;Italien;LOC;mann, le vieil ; laissa ] jusqu
293;Francais;LOC;"ve.
qualite de ";, qui excluait 
294;Laissons;LOC;e vieillard [- ; ce sujet do co
295;Francescea;LOC;"lus grand
cara ";"? fit odolphe.
"
296;Naples;LOC;soyez, belle ] ;, du Piemont el
297;Piemont el d'Espagne;LOC;e ] Naples, du ;. En sortant, i
298;faus-e muette;LOC;e par Gina, la ;". A onze
serait"
299;piece;LOC; en prenant la ;", mon-
suis pas"
300;Rodol-;LOC; de la pose de ; ] chefs de la 
301;Autriche;LOC;pirateur que l';" de-
phe, s'app"
302;--- Non;LOC;", ditRodolphe.
";, repondit-elle
303;Italienne;LOC;en ] s'assit l'; au lout de la 
304;Virginie;LOC;t un jasmin de ; qui eneloppait
305;balus-;LOC; eneloppait la ; ] en quelque s
306;Moyen-Age;LOC;lle et joui au ;. Elle semblait
307;Franais;LOC; Ohl Frangais, ;. flt-elle en c
308;A;LOC;"blit elle-mema
"; faire, il vous
309;Pilale;LOC;r la chatne du ;",
]le Rhigi, et"
310;Lucerne;LOC;"assin..
- Vers ";, repondit on f
311;Francesc;LOC;ndit on fanais ;".
- llon 1 pens"
312;Ilalie;LOC;"ue de
aimer en ";" ; mais je conn"
313;Muriec;LOC;Iairo oublier. ; sans mon con-]
314;I;LOC;0mprises... oh ; reprit-elle av
315;I;LOC;nidrcs pensees ;.., nest-ce pas
316;Iranshe;LOC;n si nelle, si ;, fut fits dn t
317;Ilodolphe;LOC;"- gisese eluee
";" en souriant.
]"
318;Iimniiie;LOC;"e-]
proehe sur "; de ma naisaues
319;couetterie;LOC; ps eu loba de ;" dans 
a votre "
320;el suuave;LOC;donc grandiose ;, r0me lour amo
321;Rodolpheles;LOC;zr, rpelaient  ;"
-- Par une com"
322;E;LOC;::EECI..:::::..;"
2;.ee ]Ga,.,'
"
323;Ga;LOC;"::::..E
2;.ee ]";",.,'
infinis.
]"
324;E;LOC;"ti.nni7iGii
::%";"..Ei5G.IG
2,,E,"
325;LEE:]is;LOC;"..Ei5G.IG
2,,E,";"...nninii
22:::"
326;Retournez;LOC;". de
a Tito.
- "; promptement  G
327;Emilio;LOC;e la ] cadet d'; fut trahi par 
328;Saint-;LOC;u venir par le ; ] ceur, et dix
329;Gothard;LOC;" son valet-de-
";, ni par le Mon
330;Mont-Cenis;LOC;ard, ni par le ;, ni par le Sim
331;Simplon;LOC;nis, ni par le ; : il est ] cha
332;Marseille;LOC;u par mer, paf ;, il a d0 trave
333;la France;LOC;a d0 traverser ;. ] Irop de cha
334;Genbeve;LOC;"ner fut, ainsi
"; ne vaudra-t-il
335;Serait;LOC;delicieuse ] - ;-elle legere 1 
336;]- Elle;LOC;ourd'hui, nous ; est sans aucun
337;A;LOC;tout son temps ; la maison Berg
338;Francais;LOC;tion. Le jeune ; rceonnut en Fr
339;caresse6;LOC;e d'elre ainsi ;, ] cesca la je
340;Ilalienne;LOC;"es
la main a l'";, la reconduisi
341;Fancesca;LOC;it-il un soir  ;", qui
bonne com"
342;Francesca;LOC;"aucoup de cho-
";".
]ses lui manq"
343;Rodolhe;LOC;"aime les arts,
";" interloque.
] "
344;Nuples;LOC; ou la baie de ;. Bmilio, dit-e
345;Bmilio;LOC;aie de Nuples. ;", dit-elle, me
"
346;Paris;LOC;Ahl je iouais  ; du temps ] sui
347;Abranles;LOC;"gravement le
d'";, e tutti guant
348;Iuliles;LOC;"ourgeois d'am-
"; nous servent. 
349;Italie;LOC;contre-sens en ;, il m'et fallu
350;Iemme;LOC;etait sr de sa ;".
Notre bonheur"
351;Geneve;LOC;  compagniez a ;. Geneve est in
352;Geneve;LOC;niez a Geneve. ; est ine ville 
353;Darla;LOC; du mondo,ie ] ; porte d'uno ma
354;Geneve;LOC;vos viendrvez  ;", voyez d'a-
bo"
355;"ge,;g";LOC;eas] gggg ggg  ;"
ai mnuon isgmi"
356;Wyiriciinie;LOC;"es m lls  eese
"; iieig. e iesel
357;'elit;LOC;vi inl a-eegle.;" ee ue
en dehor"
358;sr4se;LOC; premier soi ] ; peiait aes e o
359;I;LOC;"te aeliie  gg-
"; de dehaner aso
360;Milanais;LOC;"raude etendue.
";", a Genye.
.- N"
361;Genye;LOC;"e.
Milanais, a ";".
.- Nopn, que "
362;Iac;LOC;"venant vers la
";. Ele est situe
363;laVilla-Diodati;LOC;t situee cntre ; et Ia campagne
364;Beau-;LOC;a vicomtese de ; ] rez le plais
365;in Napolilain;LOC;e Gindolphini, ; ou, si ] nees 
366;Bux-Vives;LOC; lentement aux ;",
enieve, etils"
367;I;LOC;oint Milaiais. ;] a fllu le grn
368;Sainte-Alliance;LOC; deplaise a la ;,  qui elle doi
369;I;LOC;" al-
euaogeras."; ya heeusp d'er
370;Aglais.-;LOC;"de Francesca,'
";"
]du moins il l"
371;Villa-Diodati;LOC;s environ,  la ;, que ] alors u
372;Mlilan;LOC;n libriire  de ; et sa fmme, in
373;Nilla-Diolati;LOC;"s
poiir hil la ";, celte residen
374;Rossni;LOC;lord Byron a ] ;".
Iaqellela nor"
375;Geneve;LOC;cloie le lae e ; est, commne to
376;Illle;LOC;aille de jeune ;, et des bras d
377;Geneve;LOC; la oiture, de ;, et d'aures Ia
378;Ialienines;LOC;ve, et d'aures ;, parmi lequell
379;Medilerranee;LOC; agila ] de la ; sous l'ondo. E
380;I;LOC;'me reagissait ; Francesca roug
381;Francais;LOC;lave pour] aux ; dnns l'express
382;Tinti;LOC; observee, e-] ;, el qui peut d
383;el;LOC;ee, e-] Tinti, ; qui peut donne
384;menl;LOC;"nt des annees,
"; a sa femme. Ro
385;Rodolhe;LOC;Helas1 1ui dit ;, ne trouverez-
386;Tnti;LOC;r elle, par la ;, par Genovese,
387;phini;LOC;"rmhant ourire.
";".
Ce fut dit av"
388;l Ilalie;LOC;belles voix de ;, il est ficile
389;el;LOC;s anterieures, ; dont la portee
390;Colouua;LOC; pelsoue ai- ] ;. Cetle riche h
391;Cetle;LOC;ai- ] Colouua. ; riche heritier
392;Ireres;LOC;rt de ses deux ;" et de sa seur
"
393;Peut-;LOC;uchemensreels. ;".
elre est ce d"
394;elre;LOC;"sreels. Peut-.
"; est ce de ces 
395;nlre;LOC;ens heureux de ;" exis-
tence, l"
396;Gandolphini;LOC;ise au pirinee ;. l'un des p'us
397;la Sicle;LOC;ropretaires de ;, Fracesca lui 
398;Fracesca;LOC;s de la Sicle, ; lui fut donnee
399;Co-;LOC;bliotheque des ;"
]louna pour do"
400;Cetle;LOC;iu et t'ebreu. ;" eharmnaule
Apr"
401;Apres;LOC;"tle eharmnaule
"; le plisir d'id
402;Hodolphe;LOC;oique celui de ; fl deja plein,
403;Genevo;LOC;tout 1'hiver a ;. Get hiver pas
404;Tinti;LOC;"emmne d'es-
la ";, tant elles. f
405;"gggg;;g";LOC;se en eseeee,g,;",;;
iii.iiiiGii"
406;liennes;LOC;"et de courage.
";, uno mobilite 
407;Villele;LOC;] Le ministere ; suceombait aus
408;Asilotinsie;LOC;ites ] odolphe ;" e y ees
] la p"
409;Gandolphini;LOC;ois a la villa ;", beree
partie "
410;beree;LOC;a Gandolphini, ;"
partie de la t"
411;bDe;LOC;ter en bateau. ; la villa voisi
412;Ele;LOC;e velu come ]  ; et Dieul tels 
413;urei;LOC;"a manque
i sit ";  oe an e aeeee
414;Bn;LOC;"et n'a pas...]
"; achevant ce re
415;Italienne;LOC;ise el je suis ;"...
]par la lil"
416;G;LOC;:::::. 15araGG5;"
C....EE. :::.c"
417;Naples;LOC;"uit,
plus qu'h ";".
Malgre la sev"
418;Desque;LOC;inner, comme ] ; toutes les ima
419;Italie;LOC;e en allant en ;. Come il s'eta
420;Rupt;LOC;es ] lhotel de ;. Cette entrepr
421;ueo;LOC;ee y etnt on ] ; eas nouisrr, i
422;g,,gg;LOC;eese 1.%,,lg,g,;"
s iine, oi ape"
423;"g,,,;,g,,xat";LOC;isiinariaii  ] ; osaxos, uauaon
424;Philomene;LOC;"un et lautre.
]";, dont lame, la
425;tete;LOC; dont lame, la ; et le ceur eta
426;geee;LOC;"etaient boule-
";".AegI't
g9ggese"
427;gggegg;LOC;"egI't
g9ggesee,";,g ] iisoaienar
428;iasieironia;LOC;oaienar aanii. ;"
sg-e :ge y,g,g"
429;sg-e;LOC;"i. iasieironia
"; :ge y,g,ggee,.
430;Crois-tu;LOC;"::.1CECi::CE
] ";, mon cher peti
431;Rupt;LOC;e de lh0tel de ;, il flt le sie
432;"ggeg;,g";LOC;"geegg,g ] ter.
";,gg,g ggeggg,, 
433;Egg;LOC;" dans les pays
";,g.gge,g2g-gg2 
434;g2EgggggLgg21,P 1GG.iaian';LOC;"nii G Giiii,'a
";"ni.Gi
:::2:::::"
435;I5Giidiiinaii;LOC;gggg,ge2g,.ggg ;"
gggggg,:;g,I'G"
436;I'GGir;LOC;"aii
gggggg,:;g,";"
gggggg;,,e,g:,"
437;"gggggg;,,e";LOC;"ggg,:;g,I'GGir
";,g:,eeg1 -iiaii
438;g:,eeg1;LOC;"Gir
gggggg;,,e,";" -iiaiiiin.
gg,"
439;"g;,eeeee].GGa";LOC;"iGGGG.siGGGa
g,";". GG
ce qui sur"
440;GG;LOC;"g;,eeeee].GGa. ";"
ce qui surprit"
441;la Comtoise;LOC;it etrangement ;"..
[des plus be"
442;Lombardie;LOC;fortunes de la ;. Leur villa su
443;Philomene;LOC;"dit seehement]
";. Vous vous ete
444;Philomene;LOC;" Besangon pen-
"; sentit le trem
445;Philomee;LOC;as de mal, dit ; en conti- ] on
446;Jerome;LOC;s pourrez voir ; tant que vous 
447;Paris;LOC;horriblement h ;". Le denoue-
et"
448;B;LOC;"ingt ans, d'e-
"; SIcLE. - XIII.
449;Comedie;LOC;(Extrait de la ;" humaine.)2s
D "
450;Paris;LOC; au barreau de ;, e voyant quel
451;Frace;LOC;ire rewivre en ; u beaunom ]  a
452;lellre;LOC;sant tomber la ;".
]  nos causer"
453;yeg;LOC;g e eeget- e   ;"
 iers, mie Iut"
454;cus;LOC;"niasl eonlt 
n ";, de litier pou
455;Desancon;LOC; fort avaoat e ;". Ps tar.
n voy"
456;urne;LOC;n sorlira de l';. 0n dedaignera
457;Paris;LOC;"
 taires de ce "; qui m'avait ec
458;Besaneon;LOC;roiiladge pour ;. J'ai pris ffi
459;Besacon;LOC;te m'a jet das ;, oil j'i, dans
460;Jallklis;LOC;"l
 pusse ivre. "; oi la direttio
461;Sainte-Helene;LOC;eon, non pas a ;, mais sur le q
462;Combien;LOC;sur quatre ns: ; de discbours a
463;Mely;LOC;" avoeat de la
 ";":
]  Franche-Co"
464;Iaisant;LOC; ie les vroyls ; bs eforts reit
465;Batn;LOC;"omme 1'adver-
 ";, il r a set mo
466;Nouvelle publiee;LOC;nfidence de la ; dans la Revue,
467;Besancon;LOC;"l
 trouv6 dans "; une maison a a
468;Watteville;LOC;ademoiselle de ; arriva-t-elle 
469;Cercle;LOC;t la jouant au ; des ] Quoique 
470;Palais;LOC;l suffieait au ;", au con-
 Btra"
471;Btrangers;LOC;"lais, au con-
 ";, dans une dern
472;Philomene;LOC;enant habiller ;" pour une
 pour"
473;A BELaIAIE,- Lae Majeur;LOC;"esse Soderin),
";". IrALIB.
m mon"
474;A;LOC;"sais, le pou-]
"; ses eux, eette
475;Balthasar;LOC;es aux yeux de ;. Apres avoir c
476;Chavoncourt;LOC;"on idole.
] de ";. Pendant cette
477;Lirai;LOC;pour avoir ] - ;-je? ne lirai-j
478;Chavoncourt;LOC;les petites de ;. L'une avait s
479;Philomene;LOC;t ans et demi. ; regardait ses 
480;lac Majeur;LOC; passer sur le ; a voir les eau
481;Argaiolo;LOC;ceder  celui d';. Bien plus, ] 
482;"ee,-';;g";LOC;t ] ge -tee ee,;";
i.aGGG'aai 2e"
483;eeegg,,gg;LOC;i.aGGG'aai 2e ,;",,
:: 1..:.
]  "
484;I;LOC;e mot de Dieu: ;"
]  t'aimeI
del"
485;aimeI;LOC;"e Dieu: I
]  t'";"
dele image de "
486;t Merei;LOC;is ton journal ; de ton exaetit
487;Iun;LOC;"out
 service a "; des personnage
488;reputalionsee;LOC;, qui font les ; ] s vions poin
489;Nouvelles;LOC;vions point de ;, et une Revue 
490;P;LOC;l iaitles deee ; ] n c'est une 
491;P;LOC;rae homme a ro ; []  ture et au
492;Pe;LOC;e  bon marche, ; ]  mon ame, la
493;Iai;LOC;ous alles ] je ; mise au ton ou
494;Pars;LOC;"rez. n
]  qu'a ";. Quoique je tr
495;l'Europe;LOC; h mon pais, h ; . MIon nom ie 
496;I;LOC; s ia vie. Non ; vusne saurez i
497;Is;LOC;ios iias qe tu ;. n nr i s iisi
498;"A.%,eegeg;:,gg-";LOC;"i s iisiu'i ta
"; ee ] oiondiaii
499;oieni osaa aais;LOC;g eeeegegg- 1s ;-ipaine oo cs e
500;Est-elle;LOC;usc de doulenl ; malade ? est-c
501;el;LOC;enlre 1'enfer- ; le paradis, je
502;Fais;LOC;"voix, etudie.
 "; lui mes compli
503;Alpes;LOC;separes pr les ;, nous vivons e
504;Tris-;LOC;une esperance. ; ]  me donne bi
505;g2gge;LOC;"oete au-dessus
";,gggegee.] gsee
506;Ia Scale avee;LOC;us les soirs h ; une dou- ]  id
507;Belgirate;LOC;idee d'aller a ;, mon cceur bat
508;Yit;LOC;"uel on devino
 "; eternellement 
509;Oiml;LOC;l'accent dun : ; ou d'un :Alber
510;Belgirate;LOC;ais tout est a ;: lh etla poesi
511;I;LOC;"SAYAHSU.
361
s "; est la gloirel
512;Nobles;LOC; i sontin. Les ; ceomme les Bou
513;Bourgeois;LOC;les ceomme les ;, le Juste-mili
514;Legitimistes;LOC;r. ] comme les ;, le Gouverneme
515;Gouvernement;LOC;gitimistes, le ;" comme l'0ppo-
"
516;"l'0ppo-
 Bst";LOC;ernement comme ;-ce un Italien 
517;Italien;LOC;"po-
 Bst-ce un "; que le due  m'
518;Eternel;LOC;" pour vouloir
 "; l Adieu, mon a
519;Romains;LOC;oire l'eau des ; et jouir d'un 
520;Besaneon;LOC;a- ] sangon. A ;, comme pour le
521;Yersailles;LOC;" follet. 
] de ";, comme pour de
522;Philomene;LOC;il aimel seria ; en lissant tom
523;de France;LOC; plus immobile ;" et la
Jerome q"
524;Jerome;LOC;"e France et la
"; que je sais to
525;Besancon;LOC;esiastiques de ;".
- Mademoisell"
526;Philomene;LOC;"u bien froide.
";, au milieu des
527;Savarus;LOC;it mon- ] dit  ; l'abbe de Gran
528;Grancey;LOC;arus l'abbe de ;, qui naturelle
529;Savarus;LOC; mot quifrappa ;".
]De son ct6, "
530;Philomene;LOC;".
]De son ct6, "; avait decide d
531;Philomene;LOC;"pour le baron.
"; passa tout l'h
532;Rupt;LOC; de l'h0tel de ;". Elle bor-
vri"
533;Argaiolo;LOC;"uvent
chesse d'";. Dans le silen
534;Watteville;LOC;trimoniale des ;", valait dix
va"
535;Modinier;LOC;eville, appele ;. Neanmoins, qu
536;Neanmoins;LOC;pele Modinier. ;, quand le baro
537;Besancon;LOC;" baron
se dans ";. Str de son su
538;Besancon;LOC;"le cree par le
";, unriche entre
539;Watteville;LOC;rande ] fameux ;, dont la vieil
540;Romains;LOC;"influence.
Les "; se sont partou
541;Arcier;LOC;ent les eaux d';, montagne situ
542;Dent de Vilaird;LOC; ] nees par la ;, tombent et vo
543;Besangon;LOC;de distance de ;. Besancon est 
544;Besancon;LOC;e de Besangon. ; est ] delicieu
545;Doubs;LOC;ses sources du ;, Watteville im
546;Watteville;LOC;rces du Doubs, ; imagina de con
547;Doubs;LOC;"ersoirs
par le ";. Ainsi, retabl
548;Romains;LOC; l'aqueduc des ; pour ] pour le
549;Romains;LOC;e buvaient les ; dans une ville
550;Doubs;LOC;"ra-
see par le ";, est une de ce
551;Bisontins;LOC; au cceur, des ;, ] lae, cette 
552;Doubs;LOC; decida quo le ; n'etait bon qu
553;so;LOC; lle sn-ess de ; ] desy lge egl
554;hiInis;LOC;"eieeeeeg?e.gg:
";, i is eeet1e] 
555;Inron;LOC;"rts aewtoe sai
"; ort. il ayitii
556;.'f;LOC;"ttee-ggeyggggy
"; aiii ii ici ai
557;fni;LOC; viiiille rait ;" s cariee] ;ivo"
558;I graind chneiin;LOC;"  monsier, sn-
";,. De ee pre, e
559;iiia;LOC;"ard ] cloture.
"; n iisie uiimas
560;genie;LOC;empreintses de ; ] sns en venir
561;Riceys;LOC;"t, maire
] des ";, voulait drama
562;Hleuxe-;LOC;"
ave n pre aux ";"
""fit ieumes le"
563;io;LOC; On, s sale. ] ; ionies s suise
564;hamhre;LOC;a fenelre d sa ; l elle nape d'
565;Neufehatel;LOC;ape d'eau ] de ;".
sur laquelle "
566;Modinior;LOC;ue, j'approuve ;. Si vous voule
567;lzas;LOC;"obtenir la mi-
";, en rampant le
568;gnxpis;LOC;nt le long des ; euren gagner l
569;Watteville;LOC;aien celle des ;"
ganit vets des"
570;I;LOC;spbse), h bien ;" ne
] me laisse"
571;Mafoil;LOC;"rrai. Sur ces
 "; dit la jeune f
572;Montons;LOC;"
er ses fautes "; dans la harque
573;die-e;LOC;de lanlit o le ; ] iee-ee  eeee
574;Granes;LOC;" s
] l'ahbe de ";, monsieur.Sava
575;Watteville;LOC;ou deuze, et [ ;, st ous aveepe
576;hilmee;LOC; apensde leng. ; l iantt attein
577;I;LOC;di e trmie per ; ent de Yiland,
578;Yiland;LOC;e per I ent de ;, la Jungrau ] 
579;Jungrau;LOC; de Yiland, la ;" ] praehe,

]--"
580;Suisse;LOC;e cette petite ;"..
iois aoi, no"
581;lez-vo;LOC;"'on se demene.
";" ir y0ir...
a q"
582;lharn;LOC;"aux
.onlan, tt ";,  t as une le 
583;eommune des Riceys;LOC;", dit
antre la "; et mi, preeise
584;Watteville;LOC; ] monsieun de ;. Pais, lameur-
585;Bent de Vilard;LOC;"ossienee
de,la ";, et je veudrai
586;A Iareille;LOC;, lui dit-elle ;,ei vos aesmon-
587;Saxarn;LOC;" aesmon-
] ier "; pour ous,vous 
588;Philomn;LOC;"ser son puple.
"; eut le seurage
589;Watteville;LOC;r monsiehnr d6 ;. Jusque-l, son
590;Savaron;LOC;oix a l'avocat ; aux ] puis fai
591;Watteille;LOC;" le vicairo
de ";".
] general.
-B"
592;Grancey;LOC;"on.
]L'abbe de "; quitta Savarus
593;Savarus;LOC;Grancey quitta ; en lui lancant
594;Grancey;LOC;res, l'abbe de ; se glissait un
595;maison Watleville;LOC;nd avocat a la ;, demar- ]- Ahl
596;Philomene;LOC;la finesse que ; aait ] tant fa
597;Philomene;LOC;icil se disait ;" du haut
souter"
598;Grancey;LOC;t et l'abbe de ;",
dit Savarus.
"
599;Rupt;LOC;"r Albert.
] de ";, et je n'enten
600;Watteville;LOC;ours quand les ;" et les Rupt
me"
601;e;LOC;te neutralite. ; ne veux pas pr
602;Watteville;LOC;aider pour les ;, ce ne serait 
603;Paris;LOC;e serait rien  ;"; ] femmel... U"
604;Saint-Germain;LOC;votre faubourg ;".
] vue de ses "
605;Blle;LOC;es, ] ligence. ; est vieille d'
606;Savarus;LOC;elections, dit ;, ie serai tout
607;lapensee;LOC; est ennemi de ;" t deman-
la di"
608;Interets;LOC;sion entre les ;, on ne separe 
609;Con-;LOC;pare point les ;" ] da-t-elle.
]"
610;Philomene;LOC; pourquoi7 dit ;".
]- Mais, ditl"
611;Amedee;LOC;s intentions : ; vous trouve bi
612;Ple;LOC;ous parattrez] ; comme un lis, 
613;Watteville;LOC;" jardih, en
de "; aurait encore 
614;Savarus;LOC;la mairie, dit ; ] - Legitimist
615;Etat;LOC;paraisseaz ] d';, attaehe a la 
616;Dauphin;LOC;eut se ] vu du ; et de la Dauph
617;Dauphine;LOC;uphin et de la ;. Il et ete bie
618;Savaron;LOC;vous done a ce ;? ] pour le con
619;Gii;LOC;":::::
:G1:::,%
";"..:1::2:,-:::
a"
620;Chavoncourt;LOC;"es
Monsieur de "; est un royalis
621;Jerome;LOC;ndre ainsi que ; a son serice, 
622;Ilalie;LOC;t enverrait en ; et les lettres
623;Augleterre;LOC;" machinant ses
";, Cette doclrin
624;watteville;LOC;e de ses opi-] ;".
nions moderee"
625;Besangcon;LOC;es-eslime dans ;, representait 
626;Granet;LOC;r, de monsieur ;", cet
mille fra"
627;Chavoncourt;LOC;"i-meme son in-
";, alors agee de
628;Besancon;LOC;lles femmes de ;. Pendant les s
629;Ministere;LOC;pa ] faveur du ; pour les siens
630;Paris;LOC; que faisait h ; monsieur de ] 
631;Besancon;LOC;it pu esperer  ;. En altendant 
632;Iabbe de Grance;LOC;lhomme, nomme  ;, qui s'interes
633;Vauchelles;LOC;"i-
monsieur de ";, pas plus rich
634;Amedee;LOC; plus riche qu';, et de'] tion.
635;Chapitre;LOC;te supreme. Le ; n'aimait pas m
636;Chavocourt;LOC;a campagneen- ];"; car le beau-f"
637;Vousetes trahi;LOC;i monsieur ] - ;, mon cher enfa
638;Vauchelles;LOC;r, monsieur de ; avait son ]les
639;Amedee;LOC;nmariage comme ; pour le sien: 
640;Vietoire;LOC;"l. De
contrat. "; etait la fllle
641;Chavoncourt;LOC; alors lejeune ; et Vauchel-  d
642;Vauchel-;LOC;Chavoncourt et ;  dans cette re
643;Chavoncourt;LOC;nt monsieur de ; du peril que l
644;Philomene;LOC;pas assez pour ;, elle eerivit 
645;teree;LOC;e la.candida-] ;".
ture tenue se"
646;Besan-;LOC;uis deux ans a ;"] -Quoil
se- e."
647;st ee)eee  eeeel;LOC;" -Quoil
se- e. "; ].-unanimite d
648;Philomene;LOC;", on arrive...
"; oulait faire m
649;Bisontins;LOC;plaudi par des ;", il avait
cair"
650;caire general;LOC;"tins, il avait
"; et lavoeat fro
651;Besancon;LOC;ni- ] merce de ; fit de l'avoca
652;Savaron de Savarus;LOC;t de l'avocalt ;" son
ficativeme"
653;Chavoncourt;LOC;ec monsieur de ;", afin de so
Le"
654;Leloquence;LOC;"rt, afin de so
"; n'est pas au b
655;Comite-Boucher;LOC;t, les voix du ;" di-
en quelque"
656;Savarus;LOC;nt ] cliens de ; : a Le depute 
657;Savarus;LOC;lus nuisible a ;", que dejh
tes "
658;Comite-Boucher;LOC;"de
solution du ";, Albert reclam
659;vienne;LOC;", ce qu'on ap-
"; deflnitive, di
660;Angleterre;LOC;ment fort ] en ;, n'en sont pas
661;Anglais;LOC;prolondes. Les ;"
] font les cho"
662;France;LOC; de poings, en ;" elles se font
"
663;Chavoncourt;LOC; ] monsieur de ; se presenta, p
664;Comite-Chavoncourt;LOC;caux et par le ;"
bouillante du "
665;la Provence;LOC;le gloire pour ; d'avoir ] ture
666;Chavoncourt;LOC;"etl
] sieur de "; reunies aux qu
667;genie;LOC;u l'esprit, le ;, ou le bonheur
668;Besancon;LOC;escapacites de ;, un chef-d'euv
669;Savarus;LOC;ls apprirent h ;", par
pece d'ar"
670;Ate.s;LOC;"t minuit.
iey ,"; eeeg,eigge] ',
671;chnaroneourt;LOC;alls sionie de ;".
soas le iose "
672;Sidonie de Chavoncourt;LOC;z mademoiselle ;",
C9SCa.
i ol t"
673;C9SCa;LOC;"e Chavoncourt,
";".
i ol tois mio"
674;A;LOC; oi astnabe at ;" en mn-
erire, "
675;Estelle;LOC; 1ai prevenue. ; malade 0 me] t
676;Chavoncourt;LOC;usez maeoisele ;", repeta froi-
"
677;Chaoncourt;LOC;t se trouver ] ; et sa seconde 
678;Grancey;LOC;isit l'abbe de ;, sans lui dire
679;Watteville;LOC;tt, ar ne me ] ;, et c'et toute
680;Vauchelles;LOC;e de Soulas et ;, qui voteront 
681;Besangon;LOC; veux mourir a ;"
ias uso see ia"
682;G;LOC;e.-1 aiiia.a'i';"
:A.iEGIG
g1g.,"
683;Apies;LOC;"hdllottage..
] "; asoireconuit i
684;SG;LOC; auatre- ]   f ; G6inr, ie lend
685;Comite-Boucher;LOC;eetera ingt du ;, vous en posse
686;I;LOC;"t cent trente.
"; ler aux electi
687;"rtPhnveo oen
dun";LOC;  gise etee. e ; des plus fidel
688;Sidonie;LOC;"esur
seode lle ";, mise divineme
689;Albeit;LOC;c'est de lul d';"
homme d'Bat se"
690;Philomene;LOC;milieul Ete. ] ; se mit un doig
691;inn;LOC; ansu pel ] ee ; oenirer  sian.
692;siy;LOC;oenirer  sian. ;"  ieii,i
retard"
693;Philomene;LOC;ndemain maiin, ;, en allant a I
694;Philomene;LOC;"r iaiiariii ii
"; tont bas h sa 
695;Jerome;LOC;mestique. nfn, ;, qui a vu la v
696;Sar;LOC;nie t msier de ;".
] depart, pre"
697;Philomene;LOC;"prince ou qu'n
"; alla brusqueme
698;g.leeggegg,,g,-,g,]L;LOC;"don- ] milord.
";,:  asti sr vrt
699;Ouelques;LOC;ondait eclata. ;" ] Philomene.
n"
700;Philomene;LOC;ta. Ouelques ] ;".
nles se miren"
701;ahbe;LOC;"p de deux heu-
";  aser. ui e sa
702;Iui;LOC;eur saverus en ;" sant re-
snete"
703;Pbilomene;LOC;se mattre? dit ; au domestique 
704;Grance;LOC;cria l'ahbe de ;, ou heureuxl] 
705;Ia;LOC;n etouffee sur ; ] dans un etat
706;cesi1;LOC; a pu fairo en ; se de- ] ont a
707;Watteville;LOC;"droit  la Pre-
"; annonca l'lran
708;Godenars;LOC;rt et labbe de ;, autre vicaire
709;Vauchelles;LOC;et monsieur de ;, ] cher, o mon
710;Grancey;LOC;"sept
l'abbe de ";, Philomene, Am
711;Philomene;LOC;be de Grancey, ;, Amedee de Sou
712;Amedee;LOC;ey, Philomene, ; de Soulas, et 
713;Besancon;LOC;ute societe de ;, qui tenait ] 
714;Grancey;LOC;rus. L'abbe de ; ] lui, et chez
715;Philo-;LOC;ire a regarder ; ] sieur Girard
716;Chavoncourt;LOC;"ve.
madaime de ";".''
n e moment "
717;Granceyt;LOC; tard labbe de ; dit ]-Je vous 
718;Philomene;LOC;"pas me marier,
";".
- C'est sans "
719;wattoille;LOC;ademoisele dse ;", roprt
vocat S"
720;Savaron;LOC;"e, roprt
vocat ";. On sut que le
721;Philomene;LOC; de la meil- ] ; avec un accent
722;Chavon-;LOC;n, monsieur de ; ] fllle avec t
723;bravee;LOC;ise de se voir ;" a
ante voix.
-"
724;Philomene;LOC;Songez-y bien, ;" : si,
apprenan"
725;Philo-;LOC;la si loin que ;"
d'Albert de Sa"
726;Philombne;LOC;ire general et ;, etaient grave
727;Rupt;LOC; de l'h0tel de ; leur etait dev
728;Besancon;LOC;rit alors dans ;" que
tranger au"
729;Watteville;LOC;ademoiselle de ; avait positive
730;Chartreuse;LOC;a, restaura la ;" au got de sa
["
731;Jerome;LOC;rt de Savarus. ; ] construire u
732;Watteville;LOC;aient ]' me de ; que loin d'ell
733;Philomene;LOC;ue loin d'elle ; semontrait une
734;el;LOC; dix-neuf ans, ; de- ] son pere
735;Rou-;LOC;vint alors aux ;"
les meres le d"
736;Riceys;LOC;la commune des ; en fixant mes 
737;Philomene;LOC;- Cette petite ; a de la tete, 
738;Quinii;LOC;a la fn dumos. ;".
eg eggg,eegg,"
739;aelaon;LOC;ein ae snhose, ;,e ] in on iii 
740;braset;LOC;1Grance par le ; lamena sur un 
741;"i G iiii''
bes";LOC;arariiaisaron, ; de plus en plu
742;peceao so aionr;LOC;mnits ortosai] ;, iiinfiiiiriii
743;Philomen;LOC;"lat. Des feles
";, appeee ineoin
744;Florence;LOC;nt la ville de ;. ILa fortune d
745;Argaiolo;LOC; la duchesse d'; est une des pl
746;l'Italie;LOC;".
 derables de ";, car le feu du
747;Lesprit inlernal avee;LOC;inslituee sa ] ; lequel les let
748;Graneey;LOC;ement labbe de ;". Dieu les
l'ea"
749;Sentez;LOC;iniers eurent] ;-vous tout ce q
750;Proidence;LOC;pensee, que la ;" prend alors
et"
751;Watleville;LOC;"uleusement di-
"; avait beaucoup
752;Philomene;LOC; vieux prelre  ;" avec une pro-
"
753;Besancon;LOC;" avec une pro-
";, l'aulre pour 
754;Besancon;LOC;"donne la mortl
";, ils trouveren
755;Argaiolo;LOC; la duchesse d';, est venu rede
756;Watteville;LOC;"er. Volre mere
"; fut enterre da
757;lac des Rouxey;LOC;ans un tlot du ;, oh ] a la plu
758;Pere-La-;LOC;t d'Heloise au ;] - Quoil dit P
759;Rupt;LOC;nt  l'h0tel de ; dans un sauvag
760;Amedee;LOC;vous parlant d';". -
etait en pr"
761;tete;LOC;te phrase a la ;".
soupconnait u"
762;Philomene;LOC;es] - Oui, dit ;".
yeux, et bien"
763;Argaiolo;LOC;anger du duc d';, celle oh elle
764;Philomene;LOC;isait qu'elle] ; flt unsauvage 
765;Reli-;LOC;neral, et a la ;"
garda. Apres a"
766;Philomene;LOC; 6pouvanterent ;".
vieux pretre "
767;A;LOC;" hmme ui pisse
"; la nouvelle de
768;Argaiolo;LOC; mort du duc d'; par la nouvell
769;Confle;LOC;eaire general. ;-moi les verita
770;z::::::1;LOC;"en me deman-]
:";",:::
r::::s1:::"
771;.:;LOC;":
r::::s1:::::
";"..iiG.I::::;:.2"
772;LG.I;LOC;"5ze.eI::::.::,
";":E:::,.
:5G-sI:"
773;E;LOC;"I::::.::,
LG.I:";":::,.
:5G-sI:::"
774;z::.C;LOC;"GGG1:::::%:
l: ";":t:
a.aGG G1:2:"
775;aGG1:::EA2EE;LOC;"GG G1:2:::E::.
";"
GGiGiGGiGiiG-1"
776;Voiai;LOC;"reien
Leopold, "; la reponse du 
777;Besnoh;LOC;rl du diese de ;".
] n tit la vo"
778;sanctuaire Yoici;LOC;nte au pied du ; lai deriiere f
779;Noembre 83;LOC;"yant ma visi-]
";".
y re ALBBRT.y"
780;Grancey;LOC;nr noug ini- ] ;".
 sibl; mais t"
781;Philomene;LOC; cette lette a ;", qui
 d'Argali"
782;W;LOC;" u'il ost erdu
"; n'elalt plus q
783;Naples;LOC; sa maltresse  ; et de ], --Il 
784;--Il;LOC;aples et de ], ; fnrait quAlber
785;hetor6;LOC;itaee l due de ; ] - Vois. voye
786;l4glle;LOC;t evanoui dans ;, t nta a ] - O
787;Chartreax;LOC;voit point les ;. Bt ddaillaus 
788;le caire;LOC;enement pvi ar ; gnira eut liaa
789;piiei;LOC;send ssne st l ;, d lsquelsil ]
790;lsquelsil;LOC; st l piiei, d ; ] medame o Wai
791;Aa;LOC; asil ses amsl ;", et. 5'
]: e S"
792;Watteville;LOC;on du baron de ;. ]  un souci. 
793;Philomene;LOC;" ]  un souci. 
"; avait encourag
794;Italienne;LOC;la malheureuse ; au bal, o Phil
795;Philomene;LOC;enne au bal, o ;" lui
Madame de "
796;Philomene;LOC;"que la reponsa
"; de six mille f
797;Philomene;LOC;uer la part de ;, mademoiselle 
798;Watteville;LOC;ademoiselle de ;" ] vale.
etait "
799;Rouxey;LOC;"peienit sur le
"; pouvaient prod
800;Paris;LOC;t les modes de ;, ].  Mademoise
801;Philombne;LOC; le eorsage de ;, servirent bea
802;Rupt;LOC;ntions a la de ;, ses ] personn
803;Philomene;LOC;e tevier 18s8, ;, a uai bien de
804;Faiiiinii;LOC;"gAg,g,,,g
'iii,";,iiin] gg-?g,,e
805;E;LOC;",.,::
`.iiG'i1:";":e.:g::.
aGGGii"
806;Besangon;LOC;1, elle quitta ; dans lintentio
807;Grande Chartreuse;LOC; clotIre, a la ; en homme ] as 
808;Loire;LOC; trouva sur la ; dans le bateau
809;Chartreuse;LOC;ourd'hui de la ;" des
belle duch"
810;Rhelore;LOC;le duchesse de ;".
]Rouxey o ell"
811;Paris;LOC;"LBERT SAVARUS.
";", miai 18.
Pari"
812;Croissant;LOC;rimaux, rue du ;", 10.
o fle
   "
813;Paris;LOC;n lui appelant ;" d
Iilan, vous "
814;Milanais;LOC;eurs , cher ux ;. ous avez aue 
815;Fanais;LOC;oyez qe si les ;"
sont taxes de "
816;Italien;LOC;oubli, je suis ; par la constan
817;Eugenie;LOC;ivant le nom d';", ma pen-
see m"
818;Corso;LOC;avex quitte le ; pour les Tre M
819;Alpes;LOC;par-dessus les ;, il vous prouv
820;rue Neuve-des-Ma-;LOC;x holels de la ; ] de delicats 
821;monie;LOC;" alors en har-
";, car les deux 
822;Paris;LOC;s banquiers de ;, justifie le l
823;Tillet;LOC;"t
comment l du "; avait epouse e
824;de France;LOC;et devenu pair ;" apres la
riche"
825;Vandenesse;LOC;lages ] lix de ;. De leur cole,
826;Granville;LOC;leur cole, les ;" avaient iadis
"
827;Vandenesse;LOC;ance avec. les ;" ar l'enormite
"
828;croisee;LOC;aque cte de la ;, deus etageres
829;Banque;LOC;dot. Ainsi, la ; aait repare la
830;Saxe;LOC;"t-elre pes eee
";, ces bergers q
831;esee;LOC;ites st sa - ( ; eil sgi9 e e--
832;oise;LOC;"mparer quelues
";, i nnirati a o
833;Rmssee;LOC;"san heau-pere.
"; sur une de ces
834;Iod;LOC;elles-memes au ; de cette gele 
835;Marais;LOC;ombre htel dnu ; par une femme 
836;Quotidienne;LOC;une femme 1 la ; ou pour l'Ami 
837;Marie-Angelique;LOC;rs ses filles, ; et Marie-] ava
838;Marie-;LOC;e-Angelique et ;] avaient tous 
839;el;LOC;" devoir et re-
";. Jusqu'alors e
840;Paris;LOC;"
les glises de "; furent lers th
841;Tison;LOC;"ent a hair ces
";, elles avaeien
842;Ia;LOC;igu a celle de ; comtesse de Gr
843;I;LOC;udes indispen- ; une seule figu
844;Anglais;LOC;"-
ermetent les ";, le dimanthe, 
845;Granville;LOC; lolerans ] de ; dmodnta la nec
846;Granville;LOC;s ] MIadame de ; donna tonte Ia
847;Ies;LOC;ers le ciel et ; hom- ] complis
848;Lettes;LOC;iss, comme les ; ddifntes ] stt
849;Iosee;LOC;ra ses fruits. ; cmme un joug e
850;Anspach;LOC;" infi-
grave d'";, savant qui pa
851;Regardez-moi;LOC;de repondre :  ;. n Mais commen
852;Mairie;LOC;our aller a la ; et  lEglise, a
853;Schmuke;LOC; explique tout ; et l'enfance d
854;Allemand;LOC; decouvert cet ; egare dans Par
855;Paris;LOC;and egare dans ;. Des ] veiller
856;Granville;LOC;"e oi elles se-
"; avait trouve p
857;Marais;LOC;aisons dans le ;. Son succes ta
858;Mesdemoiselles;LOC;elles comme :  ;, les ] maison.
859;Paris;LOC;la crotte dans ; cette nuit,  q
860;Montemnisselle;LOC;"es deux Marie,
";, lc chas honte
861;tyranie;LOC; subir quelque ;, celle de lamo
862;Composition;LOC; lHarmonie, la ;, ces trois fil
863;- Oii;LOC;lerrogations : ; est Angelique 
864;Eugenie;LOC;vaux et ] fait ;? - Ou sont mes
865;Paesiello;LOC;thoven, Haydn, ;, Cimaros, IIum
866;Cimaros;LOC;dn, Paesiello, ;, IIummel et le
867;Creation;LOC;lrrent dans la ; oh elles vo-] 
868;Saintes-Ceciles;LOC;s appelait ses ;".
Les deux Mari"
869;el;LOC;" charge de les
"; quatre fois se
870;Avocat-General;LOC; saeurs, l'un, ;" a une cour
leu"
871;genie;LOC;ement habite ] ; avait paru tre
872;Eugenie;LOC; que la lutine ; paraissait avo
873;Schmuke;LOC;" qui vi-
vieux ";, elles surprir
874;Eugenie;LOC;cenle, la gaie ; etait tombee s
875;Italiens;LOC;apparition aux ;, elle avait en
876;- Bs-tu done;LOC;e au couvent ] ; aussi dans un 
877;Tuileries;LOC;s. Je vais aux ; quand tu n'y v
878;Angelique;LOC;"contraires. Je
"; et Marie-Eugen
879;Marie-Eugenie;LOC;"e
Angelique et ";. Peut-etre y a
880;ugenie;LOC; la meme main. ;, la plus ] dis
881;Angeliquo;LOC;comme sa mbre. ; etait brune ] 
882;troido;LOC; de l osicaio, ;, serino osrnt 
883;Iir;LOC;" biron o Nuen-
"; le soleil, det
884;Songe;LOC;"certaines com-
";, mon enfant, q
885;Nucingen;LOC;s flnancieres. ; et lui se souc
886;Tillet;LOC;e-gorge. Et du ;", Nu-
sa seur b"
887;Nucingen;LOC;nous en som- ] ;,' Ias de son h
888;Ias;LOC;- ] Nucingen,' ; de son hotel d
889;rue Saint-Lazare;LOC;on hotel de la ;", cons-
mes. Si"
890;Ferdnand;LOC;"
ni confiance, "; est sec et pol
891;II;LOC;e la cheminee. ; se de-] - t pu
892;Tillet;LOC;one lal dit du ;" en pous-
nonce"
893;Tillet;LOC; voiture de du ;" en
n'entendra "
894;Eugenie;LOC;paralt nager ] ; une terreur pr
895;Ahl;LOC;" l'est, repon-
"; il m'a fail bi
896;Ferdi-;LOC;e mon plaisir. ; ]  la merci de
897;Eugenie;LOC;e cette opu- ] ;" demain.
lence "
898;Frauce;LOC; futur pair de ;",
causer avec t"
899;Nucingen;LOC; ] le baron de ;, qui me leisse
900;A;LOC;"u d'un desert.
"; ce terible aeu
901;Tillet;LOC;a seur, dit du ;" pique.sl8
czzz"
902;Tillet;LOC;"
 neur, dit du ";".
] resignation"
903;Soyez;LOC;" mit a rire.
- "; tranquille, on
904;Paris;LOC;bles hommes de ;. l1 avait ete 
905;Tillet;LOC;e t s'ecria du ; en ramassant l
906;Parisiennes;LOC;de beaucoup de ;", Fe-
seur vien"
907;Eugenie;LOC;"ns 8tre un don
"; leva les yeix 
908;comtesse de Granville;LOC;dre comment la ; tenait ses fil
909;Clichy;LOC;"t aigri,
ue de ";, dit-il froide
910;Vandenesse;LOC;"s fleurs du
de "; est trop heure
911;Tillet;LOC;la est, dit du ;. Je vous defen
912;Tenez;LOC;lle en piison. ;-vous-le pour d
913;Desenchanfe-;LOC;a Divinite, le ;"
tout ce qu'ell"
914;Tillet;LOC;ant, se dit du ; ] ment est per
915;rue du Rocher;LOC;t eleve Felix, ;",
elle mit avee"
916;Marlignac;LOC;"
elle mit avee "; en dehors des 
917;Marie-Angelique;LOC;ans et jeunes. ;" savoura d'a-
a"
918;eiee  aest yvggntsuee;LOC;"a sa femme les
"; ou a o ] dses 
919;us;LOC;ixs et mueuor, ; sourent ] ons 
920;i aniegnn ie noni;LOC;nt ] ons noes, ;,ia guiad iniii
921;i ii;LOC; i i oioraiaon,;" a iiii ni
etes"
922;etesee;LOC;"i ii a iiii ni
";., pyoosemoroi 
923;Vandenesse;LOC;la comtesse de ; une des ] eter
924;Marie-Angelique;LOC;"l Sa femme fi-
"; prouva precise
925;Rivarol;LOC;mtesse, comme  ; lisant Floria,
926;Floria;LOC;Rivarol lisant ;", de
et bonne m"
927;Astree;LOC; le roman de l';",
En 1833, l'ed"
928;Vandenesse;LOC;u des flammes. ;",
lui de la jeu"
929;france;LOC; discordance ] ; d'amour-propre
930;n5ineidinais;LOC;"atemmeese,se
. "; ti6nnt sir es 
931;"gse
";LOC;rornt poeser e ;iii, s nimosamn
932;iii;LOC;"t poeser e gse
";, s nimosamnis.
933;nimosamnis;LOC;"r e gse
iii, s ";. vinieiose eii
934;Io;LOC;lle proio tour ; monet rexr ao 
935;Vandenesse;LOC;s convictions, ; ne se crut pas
936;ger;LOC;"mes, la grande
";, il avait fait
937;Vandenesse;LOC; mariee dans ] ; ne faillait a 
938;Manerville;LOC;s d'Espard, de ;, ]- On vivotte
939;serpens;LOC; leur ceur des ;" se reveiller; "
940;Vandenesse;LOC;les entendi- ] ;".
rent les siff"
941;Paris;LOC;uelle femme de ;. Lautre belle-
942;Italiens;LOC;nde, apres les ; ou l'Opera, so
943;Touches;LOC;demoiselle des ;, la comtesse d
944;Pelesee;LOC;"ien o.iai.iEi.
"; aetout e monde
945;srete;LOC;ns y etient en ;". eendint hi,
l"
946;volers;LOC;les rus ue les ; s' prome- ] on
947;Touches;LOC;demoiselle des ; et de la duche
948;li-;LOC; mes ae i peie:; ] eo amusee.  
949;mepris;LOC;res paroles de ;, il a dit que 
950;Jeune-France;LOC;samment nommes ;. Il s'etait do
951;Francais;LOC;"emmes ne hais-
"; au dix-neuviem
952;mons;LOC;" choisie entre
";, elle ressembl
953;Bruel;LOC;evilliste,  du ;, qui mettait e
954;Humilie;LOC;ice a recette. ; de cette assoc
955;Nathan;LOC;reres siamois, ; avait produit 
956;Thetre-Francais;LOC; napoleo- ] au ; un grand drame
957;Thetre-;LOC;rand, le noble ;"
embellie par l"
958;Francais;LOC;isse souhai- ] ;, par une magni
959;genie;LOC;"en
tete, et du "; sur ce front. 
960;Irappent;LOC;ommes qui vous ; au passage, qu
961;piece;LOC;soirees que la ; fut defendue. 
962;vetemens;LOC;"celui des con-
"; semblent toujo
963;Nathan;LOC;oie difficile, ;"
ouvert, dans u"
964;piece;LOC;iecle, dons la ;" a costu-
prend"
965;I;LOC;man du siecle. ; se plaignait d
966;I;LOC; ] ue del'Art. ; avait commenee
967;commenee;LOC;l'Art. I avait ;" a somete eee
e"
968;Nathan;LOC;te de marches, ; ressemblait a 
969;Come;LOC;te etleretion. ; s plupart des 
970;genie;LOC;"ambi-
homme de ";",; et sil ett m"
971;genie;LOC; taudis que le ; a pour mission
972;Paris;LOC;s'abattent sur ;, ou que Paris 
973;Paris;LOC; Paris, ou que ; fait lever. Sa
974;el;LOC; voir ] tance, ;, pour la domin
975;Marsay;LOC;r lillustre de ;, qui dirigeait
976;Nathan;LOC; ] on le sent. ; offre une imag
977;Budget;LOC;t a emarger le ;" sous
comme un "
978;Philinte;LOC;agissant comme ;. Son ] le bon 
979;Pouvoir;LOC;bon plaisir du ;. Quand tant de
980;Marsay;LOC;ennes. Le ] de ;, des Raslignac
981;Nathan;LOC;ntroducteur de ;, continuait so
982;Beatrix;LOC;es femmes oc-] ;, une Laure, au
983;Rastignac;LOC;homme. lui dit ;"; deman-
tions."
984;Moise;LOC;e la priere de ;", comme Pa-
ech"
985;Ee;LOC; pauvre petile ;  couchait dans
986;Paris;LOC; precipiterait ; vers le ] flol
987;Lune;LOC;ontagnes de la ;, encore ] effr
988;I;LOC;t loin d'elles ; combien ils se
989;comtesse de VWan-;LOC;prendre que la ;] trouvant une 
990;Etat;LOC;s-secretaire d'; eclectique, d'
991;genie;LOC;cet homme a du ;, dit-il en ter
992;Very;LOC;es ramena chez ;, renvoya sa vo
993;A;LOC; conseillerent ; leur ennemi po
994;A;LOC;igres paysages ; l'aquarelle, d
995;Marsay;LOC;y Dudley, o de ; parut pour la 
996;nelle;LOC;"apres en lais-
";,conflte dans l
997;Etat;LOC;n d'un homme d'; immense, dont 
998;Vandenesse;LOC;"mense, dont la
";, et cuite a po
999;Champagne;LOC;"s cette assem-
";, Raoul Nathan 
1000;A;LOC;sulons otalent ; 1eIl un specta
1001;ensoe;LOC;  i n'etit pas ; en alhanut nee
1002;Nucingen;LOC;erea- ] ron de ;"; en vorant dan"
1003;Btat;LOC;s au conseil d';, des professeu
1004;de France;LOC;dente- ] pairs ;, il se vit ave
1005;Is;LOC;"s une mauvaise
";, des flls d'ar
1006;Nathan;LOC;ut aux yeux de ; un frappant ex
1007;Marsay;LOC;linstar des de ;", Rasli-
ouleur"
1008;Rasli-;LOC;des de Marsay, ;"
ouleur d'ambre"
1009;Vandenesse;LOC;la comtesse de ;" commeun
types "
1010;milan;LOC;s fronts su- ] ; sur sa proie. 
1011;ouseparees;LOC;it Georges IV, ; a la mode du d
1012;A;LOC;le, ou tendant ; se rapproher, 
1013;fe;LOC;" Felix de Van-
"; semblait avoir
1014;cetle;LOC;"ns que cause a
"; melodie de par
1015;Barbe-Bleue;LOC;le conte de la ;, toutes les fe
1016;Anglais;LOC;" Perrault.
des ";, les visages g
1017;Les myosotisne;LOC; du sentiment. ; sont pas plus 
1018;Nathan;LOC;e causait avee ;";
madame Felix "
1019;Nathan;LOC;"
a causer avec ";. Peul-etre ced
1020;cuie;LOC;es on sa emm ] ;, etincelit au 
1021;Blle;LOC; si superieur. ; [ guelques son
1022;gota;LOC;"cessite daso' 
"; la pemiere ioi
1023;pemiere ioie;LOC;"daso' 
gota la "; ue donne un su
1024;asseu-Rempart;LOC;". s
tre la rue "; et I ruae Neue
1025;I;LOC;seu-Rempart et ; ruae Neue-es- 
1026;Neue-es-;LOC;part et I ruae ; ] e ege mirgue
1027;Mathurns;LOC;"rgeniterio pn-
";, Raoul avait, 
1028;cachemire;LOC;-]  plafond en ; blane releve d
1029;Nathan;LOC;ns les amis de ;, des journaux,
1030;Forcee;LOC;es ordinaires. ; d'ecouter des 
1031;point-Florine;LOC;ese ] rayaient ;. Florine croya
1032;A;LOC;lette dignes ] ; quinze ans, ni
1033;distinguees;LOC;"tout dans Flo-
";, peut servir a
1034;Poppee;LOC; volontaire de ;", des
plus loin"
1035;tete;LOC;on derriere la ;" pour la
qualit"
1036;Bgypan;LOC;epresentait un ; trouvant une ]
1037;Paris;LOC;ves ete-  aers ; comme les fls 
1038;Fantaisie;LOC;e Spleen et la ;" elaient
avait "
1039;lironie;LOC; pour exprimer ;, la ] eture, B
1040;Bixiou;LOC;e, la ] eture, ;, Hastignae aut
1041;Hastignae;LOC;eture, Bixiou, ; autefois aude 
1042;Nucingen;LOC;et ] critique, ; le banquier, d
1043;Tillet;LOC;e banquier, du ;, Conti le comp
1044;Conti;LOC;er, du Tillet, ;" le compo-
diss"
1045;condimens;LOC;querelles, les ; et les chat- ]
1046;Paris;LOC;'escompte et ] ; est le seul li
1047;Brie;LOC; au fromege de ; jusqu' celle ]
1048;Thetre;LOC;edestal que le ; fait a une fem
1049;posenl;LOC; la cheminee ] ; menant lajoie 
1050;manege;LOC;e de cheval de ;" o lac-
guee. D"
1051;Etat;LOC;" roles
homme d'";, et pouvait ai
1052;Paris;LOC;pieces par an  ;. Pendant chagu
1053;euaisee;LOC;nt dns sa loe, ;, demi-mote. iu
1054;iin;LOC; asiii enaede. ;"
ron.
] Tetour "
1055;PEg;LOC;", finissent le
";,g2le.eliii-iGC
1056;g2le.eliii-iGC;LOC;"nissent le
PEg,";",
:gg,gteleygee"
1057;isiG;LOC;a d ] piiin, n ;", Sai, aiiii
::"
1058;Sai;LOC;piiin, n isiG, ;", aiiii
::,:21e"
1059;Aii;LOC;"7
g:,,,g,.Pee. ";, l GinGiiiiGGi
1060;GinGiiiiGGiti;LOC;g,.Pee. Aii, l ;"
aanoeu eo, ots"
1061;A;LOC;des acleurs, ] ; cette epoque, 
1062;presentil;LOC;ournee. Jusqu' ; ne s'est point
1063;Talma;LOC;"que-
pensee de ";, de Lekain, de
1064;Contat;LOC;, de Baron, de ;, de Clai-] men
1065;Nathan;LOC;l tombera, dit ;".
Il parcourut,"
1066;sa]- Oui;LOC;oyer leluxe de ;, dit en soupir
1067;genie;LOC; expression du ;, comme le clol
1068;Rastignac;LOC;uvelles que ni ; ni de Marsay n
1069;Marsay;LOC;astignac ni de ; n'avoient lais
1070;prendras-tu de l'argent;LOC;t laisse l -0h ;" dit-elle.
tran"
1071;Blondot;LOC; envoya querir ;. Dans le boudo
1072;la France;LOC;n politique de ; en 183. ] -- N
1073;Etienne;LOC;nvoquerons ici ; [  En entendan
1074;Iaoul;LOC;septfrancs, ue ;"
haute critique"
1075;Bourse;LOC;"ra sur le drap
"; et de lIndustr
1076;J'ai compris;LOC;"la Blondet.
]- ";, dit Blondet. 
1077;Tillet;LOC;vocat, mais du ; et Raoul ne pe
1078;J'aimerais;LOC;nsi pendant ]- ; mieux etre app
1079;Paris;LOC;ou de tomber a ;. ] dit sa rial
1080;passage Sandrie;LOC;t installee au ; dans l'apparte
1081;Telle;LOC; menaga d'une] ; etait a rivale
1082;Lecou-;LOC;empoisonner la ;"
lait placer to"
1083;rot;LOC;es collines du ; ] tenir l'homm
1084;Thettre  la Chambre;LOC;n autre, ni du ;, ] de grandeur
1085;Libral;LOC;"
nant eomme le ";, le Communal, 
1086;Communal;LOC; le Libral, le ;, le Dpartement
1087;Federal;LOC;e National, le ;, l'Impartial, 
1088;Impartial;LOC; le Federal, l';, fut quelque c
1089;poele;LOC;erent ] mee du ; avait eu plus 
1090;Providence;LOC;eau d'etre une ;"
ine ses choses"
1091;"bau-
";LOC;rtileges et le ;- Tiens, Florin
1092;Tiens;LOC;"s et le bau-
- ";, Florine, la p
1093;Bixiou;LOC; saisie l cria ;, ] me pour les
1094;A;LOC;"des convives ; "; vos poches l u
1095;Ae;LOC;" iperu in,  i'
"; es pile plaie 
1096;aNathan;LOC;iemment rermge ;", quietn
gqu'al"
1097;Combien;LOC;seee. y smbole ; de ] as bientf
1098;Parisiennes;LOC;tant a vie des ;, ] sieiant bra
1099;Vieilles;LOC; seul interet. ;, elles ] faire
1100;Vande-;LOC;it monsieur de ;"
vous verrez un"
1101;Nathan;LOC; trouverait- ] ; toutes les por
1102;eongilet;LOC;"ans lendemain.
"; obeissait a la
1103;bete;LOC; ] de faire la ;, derniere ress
1104;Nathan;LOC;alors le dos a ;. ] Vandenesse 
1105;Vandenesse;LOC;os a Nathan. ] ; charmante en m
1106;Blles;LOC;" Raoul tortil-
"; avaient raison
1107;Blle;LOC; si quelque .  ; doit etre ravi
1108;Nathan;LOC;"sez donc bienl
"; se mit a rire 
1109;Venez;LOC;ement la paix. ;" chez moi; je r"
1110;ee - eesee;LOC;esti mese,ee ] ;" eg,sss-eeeg
] "
1111;Lh;LOC;ux, a graver l ;, lesfemmes peu
1112;Voye;LOC;it delicieux., ;-vous, plus tar
1113;Parisiennes;LOC; excellont les ;, il craignit d
1114;Vandenesse;LOC; oh en sont- ] ; entendft :-You
1115;.--;LOC;"quatre heures.
";. Ils s'aiment 
1116;Nathan;LOC;ent  la folie. ; vient de me le
1117;Nathan;LOC;te origine que ; cache avee tan
1118;Vandenesse;LOC;"eint
me contre ";".
]de distingue"
1119;Vandenesse;LOC;Dudley. Il y ] ;, ou monlre-toi
1120;Nathan;LOC; et de mada-]  ; ecoutait, la t
1121;Vandenesse;LOC;" un lion
me de "; circula dans l
1122;Espard;LOC;ey, mesdames d'; et de Manervil
1123;Manerville;LOC;d'Espard et de ;, avee une  tro
1124;pognie;LOC;"ussi lches que
"; qui y venait. 
1125;Saint-;LOC;ut au faubourg ;"
comtesse, mise"
1126;Camps;LOC;"bril-
clave de ";, avait compris
1127;Rastignac;LOC;t cabriolet de ; pendant qu'il 
1128;Nathan;LOC;, la vanite de ;" fut blessee ; "
1129;ais;LOC;s-  tis la yt. ; an deat no sin
1130;aGaiGrGGi;LOC;"g;ggc.,.ge1g.g ";"
::::::::::I::E"
1131;a3;LOC;:::::I::EELE...;"
.:;,:,,,,,.:A,"
1132;A;LOC;"iiGGGaiGi:
e,g,"; s,gg ?ee4e mon
1133;gggesgggeg;LOC;"ma iasra5aii,'
";,g e,,, 1] ee e
1134;Nathan;LOC;", vous?
ramait ";. Les femmes, e
1135;Marsay;LOC;izarre, dit de ; en ] pas le mo
1136;milaine;LOC;chaussaient la ;, endossaient l
1137;Marsay;LOC;"ur voust elles
"; fut parti. Ras
1138;Rastignac;LOC;say fut parti. ; le suivit, et 
1139;Eoulogne;LOC; temperament ] ; sans y voir Ra
1140;Nathan;LOC;"e, in-
quiete. "; ne voulait pas
1141;Emue;LOC;"r, mon amour.
 "; par cette larm
1142;Bois;LOC;"  faire
ner au "; toutes les foi
1143;-On;LOC;"le en entrant.
"; doit respecter
1144;Boulogne;LOC;x et ses in- ] ;, entre deux et
1145;Nathan;LOC;vie s'use, dit ;, et vous aurez
1146;Theatre;LOC;",
redaclion au ";, du Thetre a l
1147;Thetre;LOC;au Theatre, du ; a la Chambre, 
1148;galoper;LOC; devant Marie, ; a sa porliere 
1149;Nathan;LOC;pta le bras de ; dans un endroi
1150;bois de Boulogne;LOC;"regard leve
du ";" ; elle avait A"
1151;A;LOC;"e ; elle avait "; lui faire une 
1152;Nathan;LOC;z-vous lui dit ;".
] adorer.
--N"
1153;--Ne;LOC;"han.
] adorer.
"; ous occupezpas
1154;Serais;LOC;"i le silence
- ";"-je ici1
] ne c"
1155;tete;LOC;s elle leva la ;" vers
- Mais vo"
1156;Nathn;LOC;"voir o, sur le
"; flt quelues pa
1157;auteuil;LOC;lui ] chemin d';" a Boulogne ; i"
1158;Boulogne;LOC;in d'auteuil a ;" ; ils furent o"
1159;brin;LOC;" eeetta ps las
"; de paille, un 
1160;Nathan;LOC;e l... s'ecria ;".
] mier, leur "
1161;Nure;LOC; a tout pro- ] ; a la comtesse 
1162;Bois;LOC; suis venue au ;, je vous y aia
1163;-Mais;LOC;"du... ] ciete.
";"...
] - Je voud"
1164;-.-;LOC;"ilement etouff
";" Mais...
 qui l"
1165;Vandenesse;LOC; Quand arie de ;" partit,
son pr"
1166;Na;LOC;ais elle adore ;".
charmee d'avo"
1167;Very;LOC;" Raoul du
chez ";. La lutte de c
1168;Champfort;LOC;"momentane-
dit ";, soutenait sa 
1169;Ccrois;LOC;"vent
- Je vous ";", dit-elle.
[ c"
1170;Moniteur;LOC;"le.
[ cases au "; dans trois ou 
1171;Arries;LOC;"aces au moment
"; dans l'allee o
1172;Nathan;LOC;tta le bras de ;, qui prit une 
1173;Tillet;LOC;l'avocat et du ; le banquier, a
1174;Marsay;LOC;"6
justice a de "; quand il mouru
1175;Etat;LOC;sses. ] seil d';, le tout assai
1176;Gymnase;LOC;avant-scene du ;,  ] d'honneur.
1177;Nucingen;LOC;et le baron de ;" lui avaient
Ia"
1178;Blle;LOC;parut immense. ; fut la dupe de
1179;Nathan;LOC; promesses que ;, et il leur ob
1180;Italiensl;LOC;dire adieu aux ; lui de- [ lui 
1181;de France;LOC;en, fular pair ;, et qui avait 
1182;Teniers;LOC; XIVW pour les ;, dit lady Dull
1183;atGG7-lE:2;LOC;".'G1:E:;:e,:,
:";".:
[]lo voaient"
1184;"aa iii
sailt";LOC;,%2geeeeee]aa  ;, le dialogue e
1185;"-ieg;tn";LOC;"perance est le
";  gigggee: nais
1186;Nathan;LOC;"3.
] daiileurs ";, ui se peduisi
1187;Nathan;LOC;s avee ] uant  ;, ilcrut des lo
1188;Saint-Geemain;LOC;ries du ubourg ;: ] istes, dont
1189;Nathn;LOC;"esincer sesol-
";, oue par Nucin
1190;Tilet;LOC;tignac, par du ; et [ legues po
1191;Bondet;LOC;"d'absence, Na-
";, preta son app
1192;Nathan;LOC;licate- ] sle: ; faisait delle 
1193;Neanmoins;LOC;" deenir minis-
";, deux mois apr
1194;Paris;LOC;d'aflches dans ;  qui ferait le
1195;Nathan;LOC;it a la vie de ;" et n'y
moyen d"
1196;Nathan;LOC;a situation de ; paraissait don
1197;penelre le mystere;LOC;nt, s'il en et ;"; mais
d'etre e"
1198;Tillet;LOC;e dettes. ] du ; la contemplait
1199;Nathan;LOC;'une] des avee ; d'atroces rail
1200;Hollandais;LOC;s XIV chxz les ;, sans Raoul, c
1201;bois de Boulogne;LOC;.]   --a va au ; avee un train 
1202;Clichy;LOC;dans six mois  ;".
audeville dev"
1203;medie-Frangaise;LOC;"oute notre re-
"; pala d'n engag
1204;Tillet;LOC;e echurent, du ;" les
iege etees"
1205;io;LOC;uies or, n nos ;"
,i   ee sui vr"
1206;Agggge;LOC;"iniiaiiGianiin
"; ,se e eee s an
1207;Iaoul;LOC;ge, ] Marie et ; eirent une lon
1208;Raouil;LOC;s craintes que ;" dis-
muniquees"
1209;Felix;LOC;r conjugale de ;. Nathan avait 
1210;Nathan;LOC;gale de Felix. ; avait une reva
1211;Nathan;LOC; bien choisi : ; etait un ] des
1212;Boulogne;LOC;"et se drapa
de ";, ils ne pouvai
1213;tete;LOC;de caeur et de ; pour une femme
1214;Coulis-;LOC;Journal et les ; ] soudain arri
1215;Nathan;LOC;oudain arrive  ;, des obstacles
1216;Tillet;LOC;de decembre du ; voulut etre pa
1217;Tillet;LOC; en caisse, du ; verrait. D'ail
1218;Nathan;LOC; et tout ar- ] ; voulut payer  
1219;Blles;LOC;sauront rienl  ; etaient si loi
1220;A;LOC;"r dans
laatreI "; lentree de l'h
1221;Marsay;LOC; la mort de de ;, ] les choses 
1222;Florineet;LOC;a sa matinee a ;"
s'appuyait sur"
1223;Vandenesse;LOC;", sa chemi-
de "; voulut alors s
1224;Tillet;LOC;erent ni de du ;"
les plus noble"
1225;succinet;LOC;i net, quoique ; et iete dans l
1226;iete;LOC;ue succinet et ; dans linten- ]
1227;io;LOC;arnte mile. Le ; ae tier,l ] ts
1228;Wi-adonenpien;LOC;"it mie  e aer-
"; onete nee,eg ]
1229;nee;LOC;onenpien onete ;,eg ]ee e nee g
1230;P' e eot- nss;LOC;suiei reitss a ;"
onnii id prest"
1231;io;LOC;ter, enissant  ; u ssg ] eo  4e
1232;Medee;LOC; que le moi de ;, car ses me] s
1233;Lambitieuk;LOC;furent saisis. ; entendait de t
1234;- A;LOC; fantaisie 9,] ; duoi pesais-ta
1235;Ia tete;LOC;- Elle inclina ;". - Je
etait mo"
1236;Vernou;LOC;det. Lousteau, ;, e', ] auraien
1237;Nathan;LOC;"es n'imaginent
";, poursuivi, ne
1238;Ayg;LOC;" pouraoi
g, es ";",g;gg ] e on r "
1239;"aaGaGG],.;.";LOC;"l.Ec:
E-----g-
";": E..
] rentrer"
1240;E;LOC;"-
aaGaGG],.;.: ";"..
] rentrer da"
1241;Saint-Honore;LOC; ] du faubourg ;. Quand madame 
1242;rue du Rocher;LOC;e ehemin de la ;. Marie se cou-
1243;i Du Tillet;LOC;elle sortit en ; avait entendu 
1244;Nathan;LOC;lle-soeur pour ;"; mais il
qu'el"
1245;Italiens;LOC;turbations aux ;, il devina que
1246;Heureuse-;LOC;visible folie. ; [ ses embarras
1247;Marie-Eugnie;LOC;enue demander  ;" les som-
que m"
1248;Tillet;LOC;soupcons de du ; se changrent e
1249;Nathan;LOC;s intrigues de ;". Per-
et fut r"
1250;Mail;LOC;au lit, rue du ;", dans
heure, l"
1251;rue Feydeau;LOC;il holel de la ; etaient desert
1252;matinee;LOC; nuit et de la ;". Aussi
jeune e"
1253;Nathan;LOC;"a portiere que
"; s'etait trouve
1254;Nathan;LOC;etait monsieur ;".
- Il est sans"
1255;Nathan;LOC; ne point voir ;". Il
dit-il en "
1256;gargon;LOC;"ux y aller.
Le "; la conduisit a
1257;Nathan;LOC;fait obtenir h ; un sursis de t
1258;Nathan;LOC; s'y passait : ; rlait assis ] 
1259;A;LOC; rendre la vie ;" cetle
comme un"
1260;Eugenie;LOC;por- ] causes. ; approuva de no
1261;Nathan;LOC;"i ces trois
de ";".
- J'arrangera"
1262;E SICLIE;LOC;"eent a mnunter
";", - II,
(Exlrai"
1263;comtesse de Granville;LOC;ur. Quant a la ;, ele ] etre tr
1264;Normandie;LOC;vait etiree en ; dans une de se
1265;Nuciogen;LOC;nt a madame de ;", elle te re-
d"
1266;Bayeux;LOC;ps d'arriver a ;, sa mere lul] 
1267;Allemand;LOC;insucces, la ] ; dans le malheu
1268;Normandie;LOC; irait donc en ;. Le comte de G
1269;Pourvu;LOC;comme un angel ;" que la
1ui don"
1270;Nucingen;LOC;sa] baronne de ; n'en cause qu'
1271;Nathan;LOC;ins prodigues  ;, les heures pa
1272;Schmuke;LOC;tte agonie ] - ; demeure dans l
1273;Nevers;LOC; petite rue de ;", su
d'un grand"
1274;Conli;LOC;ire, ] le quai ;" ; ne l'oublie "
1275;Ahl;LOC;et se sentit ] ; je donnerais d
1276;- A;LOC;es grandeurs.] ; prendre dans t
1277;Blle;LOC;"angoisses, dit
"; trouvait une n
1278;Nathan;LOC;"'interruption.
"; lui avait dite
1279;Blle;LOC;"es. Raoul qui,
"; l'entendait s'
1280;soleil;LOC;leil, comme du ; jaillissent le
1281;pitie67;LOC;ccommode de la ; dit ] neuses, 
1282;tete;LOC;"e ; il leva la ";, et son aeil r
1283;Eugenie;LOC;-ce donc rien, ;, dit la comtes
1284;Sociele des Naufrages;LOC;entrer dans la ;", repon-
d'espr"
1285;Bugenie;LOC;st alors ] dit ;" en souiant.
pl"
1286;Nathan;LOC;" s'en-
lignes  "; sous le nom de
1287;I;LOC; ] ira content ;"
diro que tout "
1288;Tillet;LOC;le bras que du ; et ] meilleurs
1289;Tillet;LOC;il repliqua du ;. Il va nous fa
1290;Marie-Eugenie;LOC;"s
Le visage de "; etait une repo
1291;Charnathan;LOC;uerent ] nomme ;".
h une vaniteu"
1292;- A;LOC;"satisfaction.
]"; quel propos? d
1293;Schmuke;LOC;"lairerai.
] oh ";, le chat et la
1294;Vandenesse;LOC;rlt le bras de ; qui l'attendai
1295;Schmuke;LOC; et la tete de ; avaient graiss
1296;Utrecht;LOC;e le velours d';"
quitta l'0Oper"
1297;Sans;LOC; et demie au ] ; la splendide q
1298;Conti;LOC;"en partio
quai ";, apres avoir p
1299;Mail;LOC;r passe rue du ;".,
le menage, j"
1300;Ne-;LOC; petite rue de ; ] le piano n'e
1301;Schmuke;LOC;"
es mais comme "; habitait une m
1302;Seine;LOC;l aspeet de la ; depuis le Pont
1303;laquais;LOC;"aient neufs et
"; lui annonga la
1304;Schmuke;LOC; toujours vu a ;".
une si comple"
1305;Schmuke;LOC;t le regard de ;" lui
miserable "
1306;Ceciles;LOC;de ses sainles ;", re-
sa harbe,"
1307;Vienne;LOC;"e l'innocence.
"; o il siegeait 
1308;Schmuke;LOC;et reporta sur ; ses deux] musi
1309;I;LOC;dit-il. audile ; che jande lei 
1310;immodere.-;LOC; acces de rire ;"
leur fuligineu"
1311;Souis-che;LOC;ette, de pe- ] ; en ponne fordi
1312;Schmuke;LOC; sur la vie de ;, ] il prit la 
1313;sauta;LOC;prit la craie, ; sur le fauteui
1314;el;LOC;ous les pieds, ; se ralliait a 
1315;Schmuke;LOC; ftte, s'ecria ;", e vaudille
De"
1316;fenelre sans rideaux;LOC;gnolette de la ;, et ] - Hdl ze
1317;Mirr;LOC;"LZAC.
meinherr ";, cria-t-il au 
1318;Sei;LOC;"n aimees, pen-
"; mon chas, dit-
1319;sauta;LOC;"de
voulait, et ";" sur lo lit.
- "
1320;I;LOC;mume ein inche ; reprit-il en l
1321;Nucingen;LOC;rit-il en le ] ;. La baronne n'
1322;Nucingen;LOC;.- Monsieur de ; va m'en priver
1323;Andantsz;LOC;"a mademoiselle
"; te mon misil 1
1324;Ras-;LOC;ec monsieur de ;"
table, et saut"
1325;Nucingen;LOC;t oi madame de ;"
ches, deja son"
1326;Fais;LOC;itl'eeritu-] - ;-je donc des af
1327;Nucingen;LOC; dit madame de ;"
re  secher ; e"
1328;Allez;LOC;" immobiles.
]- ";, laissez-nous.
1329;gand;LOC;es-Hailyssdes, ; vis y assie Mn
1330;Mn;LOC;nd vis y assie ;] trame du Till
1331;Nathan;LOC; Tillet contre ;, il ne le conl
1332;Nucingen;LOC;"n aremente 1
] "; en savait quel
1333;Nucingen;LOC; ] aves madame ;. Delphine et R
1334;Tillet;LOC;ctorales de du ;, de rendre inu
1335;Rastignac;LOC;ute une annee. ; mit ] tesse et
1336;Eugenie;LOC;que pervertie. ;" eut peur
alors"
1337;entiere;LOC; societe toute ;, daecord en ce
1338;Pourvu;LOC;"; mais enfin
- ";, dit-elle, que
1339;Tillet;LOC;" prier le com-
";, on lui annonc
1340;Mail;LOC;pas dit rue du ;, h6- ] de mani
1341;h6-;LOC;t rue du Mail, ; ] de maniere a
1342;vis-h-vis;LOC;portefeuille ] ; d'elle apres m
1343;p6-;LOC;cessaires pour ;"
peree. - Ilne "
1344;- Ilne;LOC;"our p6-
peree. "; faut jamais ma
1345;France;LOC;"s plus chers.
]";, et courut che
1346;Nucingen;LOC;chez madame de ;: il la trouva,
1347;Tillet;LOC;"terieux em-
du ";".
]prunt par le"
1348;--Ne;LOC;alet decham- ] ; me donnez aucu
1349;Nucingen;LOC; Demandez ] de ;".
Virginie, je "
1350;Virginie;LOC;"] de Nucingen.
";, je veux m'hab
1351;Iillet;LOC;z-voust fit du ;".
] --Elle sait"
1352;Vandenesse;LOC;it tout, pensa ;".
]La baronnere"
1353;France;LOC;sparaissent en ;"
.m'essaie sur."
1354;.m';LOC;"sent en France
";essaie sur. vou
1355;I;LOC;"aie sur. vous.
";"..
UNE FILLB D'"
1356;Legitimite;LOC;ttachement  la ;". Ces pa-
meme "
1357;He;LOC;re un maltre]- ; bien 1 voulez-
1358;Nucingen;LOC;r  monsieur de ;", le
Du Tillel "
1359;Marie-Eugenie;LOC;s cet eflfort, ; rentra ] cas e
1360;Nathan;LOC;eur est bon. ] ;".
Pendant la nu"
1361;de France;LOC;it a l'ex-pair ;, en lui remett
1362;Nathan;LOC; s'enfuir avec ;] Vandenesse ou
1363;Vandenesse;LOC;r avec Nathan] ; oubliait si pe
1364;Eugenie;LOC;"ne  un
la sage "; regardait comm
1365;comtesse de Vande-;LOC;ignature de la ;] il le pria de
1366;Nucingen;LOC;e de la maison ;" ; elle vou-] c"
1367;Eugenie;LOC;terieure cria  ; de sauver sa s
1368;Nathan;LOC;t-il pas] jeu. ; pouvait avoir 
1369;stle;LOC;" une
comtesse.
"; reussite oblig
1370;Alpes;LOC;me un toent es ;: elle aor Nath
1371;Nathan;LOC;lpes: elle aor ;",
la mener et y"
1372;Nathan;LOC;ses letltres a ;" ] amis; ie n'a"
1373;Nathan;LOC; [ - Eh bien I ;"
] - Tu crois l"
1374;Toul;LOC;a comme un ] - ;", dit-il.
] Ce "
1375;Tiens;LOC; avoir  songe. ;".
] Il tira de "
1376;Tillet;LOC;"eule fois dans
";. Ce miserable 
1377;Nucingen;LOC;e electoral oi ; a ele nomme. J
1378;Belgique;LOC;artemens et en ;"; argent ] indu"
1379;la Societe;LOC;"dulgent ; mais "; ne l'est point
1380;Nucingen;LOC;a Du Tillet, a ;, a Massol, ] q
1381;Massol;LOC; a Nucingen, a ;, ] qui fait un
1382;Innocence;LOC; triomphe de l';" et
- Vous ne c"
1383;La Societe;LOC;ux en sortant. ; refuse de cal-
1384;Teilles;LOC;"cela ; mais si
"; armes, vous fo
1385;Nathan;LOC;"-il en mon pou
";, et vous lui r
1386;Mail;LOC;emander rue du ;,  l'h0lel du M
1387;Nathan;LOC;aux senli- ] h ; quelque bonne 
1388;empesee;LOC;"ux l'em-
esder "; d se-eg  g'e e
1389;rue do cliehs;LOC;g'e ee] ese le ;, sous pe de te
1390;Nathan;LOC; suis stre que ; ne peut etre a
1391;Nathan;LOC;les lettres de ;  la main, et l
1392;He;LOC; plus tard ] - ; bien l veux-tu
1393;A;LOC;"nc pendant que
"; cette interrog
1394;Irable;LOC;"into-] je dors
"; chaleur qu'ell
1395;Terme;LOC; posa comme un ; devant l'ecriv
1396;tete;LOC;esse baissa la ;".
-- Le monde m"
1397;Laissez-;LOC;t cette femme7 ;"
voyagerons, no"
1398;Italie;LOC; nous irons en ;, nous parcourr
1399;sortez;LOC; sur-le-champ, ;, et allez m'at
1400;Nathan;LOC;te  le lacher. ; se perdit auss
1401;Nathan;LOC;bal de 1Opera, ; se ] stupefait
1402;Vandenesse;LOC;r le cocher de ;",
than t'a cach"
1403;Tine;LOC;"e colere et de
";".
Nathan avait "
1404;Nathan;LOC;"re et de
Tine.
"; avait brusquem
1405;tralna;LOC;"oivent y etro.
"; sur une banque
1406;Nathan;LOC;"actrice
]et de "; qu'une mattres
1407;Voilh;LOC;"a cuisi-
gent. "; comment tu es 
1408;ca;LOC;: - C'est avec ; qu'on []  rach
1409;Penuse;LOC; valaient pas. ; a te faire jou
1410;Ca;LOC;comme il fautl ; m'a ] core, ma
1411;Nathan;LOC;de laimer, dit ;".
l'air de ne p"
1412;Vandenesse;LOC;"d'orthographe.
"; prit les leltr
1413;Beatrix;LOC;"
] - Mon cher, "; etait uno peti
1414;Irancs;LOC;"emain avec une
";".
-- Est-il b8t"
1415;Flori-;LOC;er. Quand on a ;"
t'en donnerai,"
1416;Suisse;LOC;l, paysanne en ;",
me serais don"
1417;Soleil;LOC;u- ] vierge du ; au Perou, sa s
1418;Perou;LOC;e du Soleil au ;, sa seule mani
1419;Bourse;LOC;t, en terme de ;, eaecuta Natha
1420;Nathan;LOC;ourse, eaecuta ;", qui, faute
Ma"
1421;Vandenesse;LOC; possible, dit ;".
-- Et pourquo"
1422;Et pourquoi7;LOC;"Vandenesse.
-- ";"
-- C0 masque e"
1423;C0;LOC;"t pourquoi7
-- "; masque est ton
1424;Vandenesse;LOC;"
] comtesse de "; revint a Paris
1425;Paris;LOC;nesse revint a ;, l'hiver suiva
1426;Tiens;LOC;"ver suivant,
- ";, mais elle aur
1427;Nathan;LOC;rcil s'ecria [ ; avait justifle
1428;Vandenessse;LOC;"es etaient
dit "; en la saluant.
1429;Wandenesse;LOC;nt du comte de ;. Il tenta de ]
1430;Raooul;LOC;"nge.
tesse vit ";, elle lui ieta
1431;Beatrix;LOC;de Laure et de ;. Il ] niere. L
1432;Paia;LOC;Il ] niere. La ; ad tout pria, 
1433;I;LOC;" iA. 5
5 
e  .
";")
11.
QeL
Paris"
1434;Paris,-lmpr;LOC;"  .
I)
11.
QeL
";. Louis Grimaux
1435;Croissant;LOC;rimaux, rue du ;", 16.
"
